AUFIRGPROMANKW-UHFFFAOYSA-N,0.055116457071858,-0.061674346579267,,7.461,N3
WSLDOOZREJYCGB-UHFFFAOYSA-N,0.070462114915843,-0.03261591436778,,2.369,0
ZSSWXNPRLJLCDU-UHFFFAOYSA-N,0.03932825019526,-0.100819420169733,,10.08,PO
WJYIASZWHGOTOU-UHFFFAOYSA-N,0.074722358665249,-0.080372712006257,,7.725,N1
YHQMSHVVGOSZEW-UHFFFAOYSA-N,0.045561057671499,-0.082153394018945,,8.967,PO
VNXYDFNVQBICRO-UHFFFAOYSA-N,0.07513823074034,-0.042753632089685,,2.151,0
KFDVPJUYSDEJTH-UHFFFAOYSA-N,0.211696977472519,-0.045166431753033,,7.394,Py
JNELGWHKGNBSMD-UHFFFAOYSA-N,0.050753553779405,-0.072359770146425,,6.083,0
YHRUOJUYPBUZOS-UHFFFAOYSA-N,0.416823207900457,-0.025139395381199,,1.929,0
XDOKVFJJVSLHDJ-UHFFFAOYSA-N,0.078055151287471,-0.090514009393367,,7.839,PO
ZWEHNKRNPOVVGH-UHFFFAOYSA-N,0.047781175278912,-0.077367085374201,,5.772,0
DCNUQRBLZWSGAV-UHFFFAOYSA-N,0.115036496551625,-0.082198788636864,,6.195,0
POLCUAVZOMRGSN-UHFFFAOYSA-N,0.036564539055411,-0.069618212501439,,5.195,0
HUTDHWXNOSDRBN-UHFFFAOYSA-N,0.233288855545078,-0.060868413907112,,7.994,0
OKDGRDCXVWSXDC-UHFFFAOYSA-N,0.127195293702089,-0.053346107704172,,5.395,Py
MXHTZQSKTCCMFG-UHFFFAOYSA-N,10.1065935604274,-0.026394160020349,,3.79,XX
XZMCDFZZKTWFGF-UHFFFAOYSA-N,0.115766083699125,-0.091775557121027,,5.55,CN
KSMVZQYAVGTKIV-UHFFFAOYSA-N,0.04384491272061,-0.063539251963698,,4.738,0
VAYTZRYEBVHVLE-UHFFFAOYSA-N,0.087187766451239,-0.070851867806356,,4.595,CO3
RWCCWEUUXYIKHB-UHFFFAOYSA-N,0.047374897947982,-0.072777454415171,,5.439,0
HPNMFZURTQLUMO-UHFFFAOYSA-N,0.050145111278024,-0.065599599896604,,7.872,N2
QPJVMBTYPHYUOC-UHFFFAOYSA-N,0.175671248394311,-0.059518809629752,,5.039,CO2
QPKDBLGFWZSDSB-UHFFFAOYSA-N,0.516788504585982,-0.052304363087483,,4.899,0
WEVYAHXRMPXWCK-UHFFFAOYSA-N,0.067396933846527,-0.066957392680599,,5.084,CN
ZMANZCXQSJIPKH-UHFFFAOYSA-N,0.086700456766211,-0.062419482145398,,7.508,N3
HZXRDAIBHPCJLE-UHFFFAOYSA-N,23.1037478528548,-0.065052870204248,,5.89,XX
HCEKGPAHZCYRBZ-UHFFFAOYSA-N,0.100188781658563,-0.060390425604746,,4.906,0
IQZZFVDIZRWADY-UHFFFAOYSA-N,0.08471279861827,-0.083139912904807,,5.95,CO2
CQQUWTMMFMJEFE-UHFFFAOYSA-N,0.067864482269712,-0.069607367002412,,7.017,0
ZNSMNVMLTJELDZ-UHFFFAOYSA-N,0.04323544462817,-0.028524694847009,,2.995,0
ALCDAWARCQFJBA-UHFFFAOYSA-N,0.044941072743946,-0.047443735142288,,3.4,mdd
SHOJXDKTYKFBRD-UHFFFAOYSA-N,0.080786559542128,-0.087792216281228,,5.761,0
PKAHQJNJPDVTDP-UHFFFAOYSA-N,0.039177315890385,-0.06574518990608,,5.55,CO2
IENJMFWWRIWLIW-UHFFFAOYSA-N,0.125638765859202,-0.057561915141154,,4.906,0
QQZOPKMRPOGIEB-UHFFFAOYSA-N,0.049721690914385,-0.077112096638297,,5.684,0
HXJUTPCZVOIRIF-UHFFFAOYSA-N,0.119555269641756,-0.083241555260449,,6.328,SO
OOWFYDWAMOKVSF-UHFFFAOYSA-N,0.095228096850642,-0.080833842652085,,5.078,CN
JMMWKPVZQRWMSS-UHFFFAOYSA-N,0.097288165684505,-0.076735604865816,,5.617,CO2
ROSDSFDQCJNGOL-UHFFFAOYSA-N,0.09949669352874,-0.089224826628776,,8.083,N2
DZBUGLKDJFMEHC-UHFFFAOYSA-N,0.046214363661713,-0.06861938433531,,7.394,Py
IMNIMPAHZVJRPE-UHFFFAOYSA-N,0.027886629398626,-0.058697381418099,,8.923,N3
XXROGKLTLUQVRX-UHFFFAOYSA-N,0.35624783739885,-0.074517910418806,,4.841,OH
YRKCREAYFQTBPV-UHFFFAOYSA-N,0.06629507065834,-0.066304120215145,,5.061,0
UQEAIHBTYFGYIE-UHFFFAOYSA-N,0.037695801214657,-0.038553847806238,,1.884,0
MTAODLNXWYIKSO-UHFFFAOYSA-N,0.121870699373563,-0.051444440144888,,5.173,Py
ZCQWOFVYLHDMMC-UHFFFAOYSA-N,0.103193587330351,-0.090810883831325,,5.768,Py
UPOSSYJVWXLPTA-UHFFFAOYSA-N,22.0707203468722,-0.07386182310486,,5.728,0
VPYJNCGUESNPMV-UHFFFAOYSA-N,0.248707099198228,-0.08576786708235,,6.143,N3
QZVQQUVWFIZUBQ-UHFFFAOYSA-N,0.080682860666954,-0.037564531551929,,3.742,0
SKECXRFZFFAANN-UHFFFAOYSA-N,0.085233973259539,-0.0644007041485,,5.395,0
PWXRDOSRCIGJDM-UHFFFAOYSA-N,0.138979722850552,-0.051903819748462,,3.502,0
MVPPADPHJFYWMZ-UHFFFAOYSA-N,0.072991426129798,-0.021325193357514,,1.753,0
XQAACMFZWHCPPN-UHFFFAOYSA-N,0.170928306866045,-0.085701600867632,,7.159,0
PAMIQIKDUOTOBW-UHFFFAOYSA-N,0.028001973783635,-0.061208694139015,,7.75,N3
HONIICLYMWZJFZ-UHFFFAOYSA-N,0.063797475260429,-0.081300183072907,,8.816,N2
KWRGMBARTDLYSH-UHFFFAOYSA-N,0.084718762067649,-0.06686835481058,,7.505,0
OZJPLYNZGCXSJM-UHFFFAOYSA-N,0.085763383496186,-0.091267831763329,,6.55,CO2
WYOXDERVKORKJN-UHFFFAOYSA-N,18.199727140146,-0.069480035092273,,7.3,mdd
STSCVKRWJPWALQ-UHFFFAOYSA-N,1.03814267466356,-0.056744330986742,,3.24,CO2
MBTGBRYMJKYYOE-UHFFFAOYSA-N,0.135223426875902,-0.043801658548123,,3.373,Py
XEZNGIUYQVAUSS-UHFFFAOYSA-N,0.087026167261499,-0.069636067405213,,5.7,mdd
VYHBFRJRBHMIQZ-UHFFFAOYSA-N,4.89176635126727,-0.036638414796261,,8.24,XX
OKKJLVBELUTLKV-UHFFFAOYSA-N,0.128817908384547,-0.070014766249343,,4.841,OH
MYOHNZJKOAODMX-UHFFFAOYSA-N,0.060940685749859,-0.086240971619599,,6.839,0
WGBMKQSRUSKSOM-UHFFFAOYSA-N,0.060774336010773,-0.062234377024522,,5.661,0
UBUCNCOMADRQHX-UHFFFAOYSA-N,0.079409937936484,-0.07464449703491,,4.306,0
SEEYREPSKCQBBF-UHFFFAOYSA-N,0.110233403004715,-0.062210034644844,,5.768,0
WBJINCZRORDGAQ-UHFFFAOYSA-N,0.047368723570953,-0.065239978028313,,4.528,CO2
DVVGIUUJYPYENY-UHFFFAOYSA-N,0.107199273815818,-0.093462031906958,,8.772,0
AEKVBBNGWBBYLL-UHFFFAOYSA-N,0.112445682335771,-0.073606276274154,,4.662,CN
MZBIWKMCTWJLPT-UHFFFAOYSA-N,0.103889038182464,-0.084501106598539,,8.452,PO
OIWFZENWZGPLQZ-UHFFFAOYSA-N,0.134590818562316,-0.074020217948348,,5.665,0
ATDGTVJJHBUTRL-UHFFFAOYSA-N,0.097887561760057,-0.055811417797977,,3.484,CN
YSTPAHQEHQSRJD-VIFPVBQESA-N,0.079801397372638,-0.083480753889864,,6.137,0
CGHIBGNXEGJPQZ-UHFFFAOYSA-N,0.286948882255191,-0.039355664481549,,2.369,0
IDJCCRRYIMWLSQ-UHFFFAOYSA-N,0.201806445995553,-0.08180532049056,,7.517,0
GNKZMNRKLCTJAY-UHFFFAOYSA-N,0.059203183021426,-0.080907224507966,,5.817,0
OISVCGZHLKNMSJ-UHFFFAOYSA-N,0.297576649392326,-0.037326566686875,,7.816,Py
LYCAIKOWRPUZTN-UHFFFAOYSA-N,0.096976735104971,-0.061678943689159,,5.253,OH
DAZXVJBJRMWXJP-UHFFFAOYSA-N,0.065978590277454,-0.057084144647641,,7.883,N3
XLYOFNOQVPJJNP-UHFFFAOYSA-N,4.95818461788217,-0.081063919042769,,4.5,XX
KWOLFJPFCHCOCG-UHFFFAOYSA-N,0.072773879798811,-0.066132916261823,,5.528,0
RKSOPLXZQNSWAS-UHFFFAOYSA-N,0.059034018569129,-0.030557700694958,,2.34,0
MVUMJYQUKKUOHO-UHFFFAOYSA-N,-0.000850374516828,-0.021073692632626,,7.7,XX
DULCUDSUACXJJC-UHFFFAOYSA-N,0.210706233234003,-0.074684352678645,,5.395,CO2
WPYMKLBDIGXBTP-UHFFFAOYSA-N,0.232330636735481,-0.064449563620576,,4.944,0
SUSQOBVLVYHIEX-UHFFFAOYSA-N,0.072325186844424,-0.068233693614131,,4.802,CN
SYEXGNJRYPOUSI-UHFFFAOYSA-N,0.344354931436847,-0.06653015991866,,5.42,XX
JIBRFXMUEQDPGO-UHFFFAOYSA-N,0.051371191311198,-0.085182979141798,,8.2,mdd
SNHMUERNLJLMHN-UHFFFAOYSA-N,34.7788995692998,-0.014960481579459,,1.5,mdd
VLVCDUSVTXIWGW-UHFFFAOYSA-N,0.132597277413819,-0.040069412842563,,3.835,N1
WXEHBUMAEPOYKP-UHFFFAOYSA-N,0.064862123456177,-0.047434394970134,,3.106,0
VQHPRVYDKRESCL-CHIWXEEVSA-N,0.04159432609174,-0.033096787054788,,2.684,0
XBNGYFFABRKICK-UHFFFAOYSA-N,0.166557355783072,-0.034292142768685,,0.824,OH
NUMQCACRALPSHD-UHFFFAOYSA-N,0.111654596211318,-0.064071522729057,,5.461,0
SYBYTAAJFKOIEJ-UHFFFAOYSA-N,0.042815567161917,-0.070341822748882,,5.634,0
MCTWTZJPVLRJOU-UHFFFAOYSA-N,0.077904747761885,-0.107893975841389,,9.061,Py
MPPPKRYCTPRNTB-UHFFFAOYSA-N,0.943527891928895,-0.027841344960411,,2.307,0
ZPTVNYMJQHSSEA-UHFFFAOYSA-N,0.080233030743232,-0.069243884984884,,3.84,NO2
RDOWQLZANAYVLL-UHFFFAOYSA-N,0.064141496067245,-0.055815275580688,,7.217,Py
SRPCLECGIYMIMN-CSKARUKUSA-N,0.079116192598423,-0.058848386106901,,7.283,Py
SAANJXKHPZBABZ-UHFFFAOYSA-N,35.8365345641126,-0.024564938355345,,7.33,XX
VJPAMLCBTIWAHI-UHFFFAOYSA-N,0.059283520027057,-0.086215638641207,,7.239,0
LDDOSDVZPSGLFZ-UHFFFAOYSA-N,0.430719102152345,-0.076794014814366,,5.55,CO2
ODKLEQPZOCJQMT-UHFFFAOYSA-N,0.076333179527158,-0.094012921415217,,9.483,Py
PDQRQJVPEFGVRK-UHFFFAOYSA-N,0.075417383832424,-0.065582742156051,,4.223,Py
WGQKYBSKWIADBV-UHFFFAOYSA-N,18.1965044857069,-0.090826715370625,,7.24,XX
AAADKYXUTOBAGS-OIBJUYFYSA-N,0.049679711274205,-0.054380230673745,,3.817,0
UYFJYGWNYQCHOB-UHFFFAOYSA-N,0.47118424027278,-0.075874897944557,,5.839,0
GZPHSAQLYPIAIN-UHFFFAOYSA-N,0.119780869191395,-0.076732433019014,,5.284,Py
CSTJIJYJEWKYGH-UHFFFAOYSA-N,0.366860483613628,-0.066478479438494,,4.839,CN
SHQSVMDWKBRBGB-UHFFFAOYSA-N,0.064107005004048,-0.074784931084958,,5.284,0
DKLYDESVXZKCFI-UHFFFAOYSA-N,0.102286265367761,-0.089299702693044,,7.372,0
CVQUWLDCFXOXEN-UHFFFAOYSA-N,0.104652417167735,-0.091473077132678,,7.572,0
HWWYDZCSSYKIAD-UHFFFAOYSA-N,0.043998594412351,-0.076244243839392,,7.972,Py
XEJIHKUDPINBCS-UHFFFAOYSA-N,0.65867928530488,-0.065763581079551,,7.083,0
LRDFRRGEGBBSRN-UHFFFAOYSA-N,0.044745355099532,-0.071561370340268,,5.284,CN
HBNYJWAFDZLWRS-UHFFFAOYSA-N,0.098205018967384,-0.031178676619909,,2.924,0
SYEXGNJRYPOUSI-DNSLJTBWSA-N,0.06127589307077,-0.072087039141295,,5.417,CO2
BGJSXRVXTHVRSN-UHFFFAOYSA-N,0.189745167771502,-0.059330722497117,,3.106,0
BWLUMTFWVZZZND-UHFFFAOYSA-N,15.3149593702892,-0.028800179639937,,6.268,N2
ZMXDDKWLCZADIW-UHFFFAOYSA-N,0.066190531506091,-0.088298369414105,,7.728,0
YNBADRVTZLEFNH-UHFFFAOYSA-N,0.089690739020648,-0.069509219164132,,6.372,Py
RHMPLDJJXGPMEX-UHFFFAOYSA-N,0.109683916668855,-0.044091853834894,,2.781,OH
PTTPXKJBFFKCEK-UHFFFAOYSA-N,0.133483099253843,-0.07602090890051,,5.439,0
PYLWMHQQBFSUBP-UHFFFAOYSA-N,0.050607887617048,-0.031598269609267,,1.648,0
GJNGXPDXRVXSEH-UHFFFAOYSA-N,0.059049218032428,-0.070275563103863,,4.528,CN
JSDBKAHWADVXFU-UHFFFAOYSA-N,0.063397781562207,-0.074883067548862,,6.972,0
JXTGICXCHWMCPM-VIFPVBQESA-N,0.082779197394803,-0.085279993701995,,7.828,SO
BUDQDWGNQVEFAC-UHFFFAOYSA-N,0.088815589528477,-0.048498867840829,,3.973,0
GGSUCNLOZRCGPQ-UHFFFAOYSA-N,0.387867678487439,-0.038254722386125,,4.877,N3
DACIGVIOAFXPHW-CDECOKDKSA-N,0.175443878728167,-0.081254596720886,,5.95,0
BAYUSCHCCGXLAY-UHFFFAOYSA-N,0.132841838801253,-0.062108896288669,,5.639,0
DHIVLKMGKIZOHF-UHFFFAOYSA-N,18.7478212514857,-0.049131832625575,,3.106,0
VEZXCJBBBCKRPI-UHFFFAOYSA-N,0.084345479360843,-0.074919436795591,,4.973,CO2
KPWDGTGXUYRARH-UHFFFAOYSA-N,0.197197913075945,-0.055478225373669,,2.781,OH
YXTROGRGRSPWKL-UHFFFAOYSA-N,0.139066098194128,-0.095521506612954,,7.87,0
YKOQQFDCCBKROY-UHFFFAOYSA-N,0.35262672164391,-0.072494858461571,,7.712,0
WEEGYLXZBRQIMU-WAAGHKOSSA-N,0.0295487318154,-0.061459567632111,,6.128,0
KBVQJEKAHKMCID-FNORWQNLSA-N,0.085497355917259,-0.072005473823028,,7.039,0
IYIAWAACGTUPCC-UHFFFAOYSA-N,0.200892827612346,-0.078910186607388,,6.328,SO
WMOVHXAZOJBABW-UHFFFAOYSA-N,0.142540816263532,-0.078990965104431,,5.506,CO2
BNLLHLUAOXAUNQ-UHFFFAOYSA-N,0.073028106240325,-0.062367361785562,,5.595,0
HNJBEVLQSNELDL-UHFFFAOYSA-N,0.243449740238582,-0.096355045320953,,8.854,0
KIPSRYDSZQRPEA-UHFFFAOYSA-N,0.131225602296157,-0.079244561528313,,4.55,N1
HHVIBTZHLRERCL-UHFFFAOYSA-N,0.085648780678286,-0.082075882288484,,6.172,SO
NUOGEPIJFRZXIN-UHFFFAOYSA-N,0.047601756124164,-0.070793179748781,,7.816,0
UKROGNGFIXLRHI-UHFFFAOYSA-N,0.166695468841006,-0.084226760317993,,7.08,XX
HPXRVTGHNJAIIH-UHFFFAOYSA-N,0.095918419761249,-0.073574108141632,,5.562,OH
HXQHRUJXQJEGER-UHFFFAOYSA-N,0.117900998306842,-0.097945740406511,,6.644,Py
IWDCLRJOBJJRNH-UHFFFAOYSA-N,0.181912406800786,-0.060721822391544,,3.09,OH
DPBLXKKOBLCELK-UHFFFAOYSA-N,6.35179525200772,-0.003934674192013,,7.83,XX
ORPHOKOVVUFNKE-UHFFFAOYSA-N,0.064078359103535,-0.078936561098777,,7.301,0
AOPDRZXCEAKHHW-UHFFFAOYSA-N,0.047119314085844,-0.07361874197591,,5.356,0
KYVIFDXEMABEDB-UHFFFAOYSA-N,0.14735831697263,-0.068190740028417,,8.416,0
YVBMXGVGOLXFFS-UHFFFAOYSA-N,0.260407287339353,-0.068039824131557,,6.35,0
UHOVQNZJYSORNB-UHFFFAOYSA-N,0.037134131927056,-0.027007396961933,,2.124,0
XQQZRZQVBFHBHL-UHFFFAOYSA-N,0.039011797617842,-0.058317481665437,,5.572,0
TZIHFWKZFHZASV-UHFFFAOYSA-N,0.058810808232035,-0.072132753766864,,4.517,CO2
ROUYUBHVBIKMQO-UHFFFAOYSA-N,0.075157363876816,-0.018068250383415,,2.0,mdd
NRGGMCIBEHEAIL-UHFFFAOYSA-N,0.126848793868758,-0.046362957367068,,7.372,Py
DURPTKYDGMDSBL-UHFFFAOYSA-N,0.035086051202971,-0.008954543820577,,5.02,XX
UMIPWJGWASORKV-UHFFFAOYSA-N,0.370713512846097,-0.039551463206351,,2.884,0
NYPYPOZNGOXYSU-UHFFFAOYSA-N,0.13284709711931,-0.048370746335211,,5.972,Py
DCKVNWZUADLDEH-YFKPBYRVSA-N,0.07405964371706,-0.078212706681644,,5.639,CO2
BGTOWKSIORTVQH-UHFFFAOYSA-N,0.083079858027624,-0.080299934233644,,5.884,0
FKRCODPIKNYEAC-UHFFFAOYSA-N,0.052431414551578,-0.06451967700187,,5.461,CO2
WURBFLDFSFBTLW-UHFFFAOYSA-N,0.054296910785434,-0.060516438987049,,4.706,0
UUIMDJFBHNDZOW-UHFFFAOYSA-N,0.223690372914628,-0.071108522656708,,6.217,Py
QVWDCTQRORVHHT-UHFFFAOYSA-N,0.051115942751132,-0.088218327930482,,7.439,0
LFSAPCRASZRSKS-LURJTMIESA-N,0.051173580451094,-0.072619561096669,,5.884,0
PPBRXRYQALVLMV-UHFFFAOYSA-N,0.090004430663155,-0.028607595985427,,2.462,0
PERWAYOEWJEJNO-UHFFFAOYSA-N,0.366474707884127,-0.068787148521603,,7.883,0
YLQBMQCUIZJEEH-UHFFFAOYSA-N,0.054139843027488,-0.032674211505302,,2.173,0
ASUDFOJKTJLAIK-UHFFFAOYSA-N,0.182599537514005,-0.098462920694264,,8.127,N1
ANGGPYSFTXVERY-UHFFFAOYSA-N,0.087747462064686,-0.026016735563232,,2.3,mdd
DWPLEOPKBWNPQV-UHFFFAOYSA-N,0.274368213910632,-0.069384092043583,,6.039,0
YRHRIQCWCFGUEQ-UHFFFAOYSA-N,0.052901222738004,-0.06172528399968,,5.684,0
QANVSPFERJBPTO-UHFFFAOYSA-N,0.049733498360679,-0.090780963070595,,7.97,0
CFPIZMWTMRWZRO-UHFFFAOYSA-N,0.125863637503894,-0.08223055919005,,5.061,NO2
PAPBSGBWRJIAAV-UHFFFAOYSA-N,0.087748271437917,-0.078010996486917,,6.683,CO2
IWTFOFMTUOBLHG-UHFFFAOYSA-N,0.107286825158383,-0.05353093512527,,5.261,Py
VLLNJDMHDJRNFK-CHIWXEEVSA-N,0.103646430855866,-0.078099481856492,,5.871,OH
VEUUMBGHMNQHGO-UHFFFAOYSA-N,0.163610937230725,-0.059185963452867,,4.55,CO2
PWRBCZZQRRPXAB-UHFFFAOYSA-N,0.141122964978953,-0.04673437502497,,5.972,Py
SZIFAVKTNFCBPC-UHFFFAOYSA-N,0.193699535476863,-0.065235015691812,,4.223,OH
JKOVQYWMFZTKMX-ONEGZZNKSA-N,0.17396386591655,-0.089144878632766,,6.328,NO2
ABXGMGUHGLQMAW-UHFFFAOYSA-N,0.181111483413268,-0.068810726812998,,4.662,0
LDLCZOVUSADOIV-UHFFFAOYSA-N,0.155793405857038,-0.064636498432325,,4.223,OH
NZZFYRREKKOMAT-UHFFFAOYSA-N,6.95224200907485,-0.01297501448845,,1.6,mdd
LKNQXZAHNDFIQY-UHFFFAOYSA-N,0.074799591960799,-0.067941428698523,,5.995,0
ULTHEAFYOOPTTB-UHFFFAOYSA-N,0.518697749122044,-0.026770391368148,,2.018,0
HUDYANRNMZDQGA-UHFFFAOYSA-N,0.089679742803798,-0.094825341880766,,6.972,0
LEIMLDGFXIOXMT-UHFFFAOYSA-N,0.42515649798109,-0.044943149964452,,5.128,CN
GPRYKVSEZCQIHD-UHFFFAOYSA-N,0.093864804155315,-0.081112567899782,,6.395,0
LYDRKKWPKKEMNZ-UHFFFAOYSA-N,0.250500082417432,-0.062122913381471,,5.217,CO2
OZKOMUDCMCEDTM-UHFFFAOYSA-N,0.084659214755758,-0.071386247484155,,7.217,Py
MGYMHQJELJYRQS-VHSXEESVSA-N,0.048184704395368,-0.069356726564365,,5.106,0
JCMZZYSPSGHBNM-UHFFFAOYSA-N,0.251855339361686,-0.083295121115221,,6.861,0
PJGSXYOJTGTZAV-UHFFFAOYSA-N,0.061648548030886,-0.064743136468382,,5.728,0
RTJGTTXUCVCPIQ-UHFFFAOYSA-N,0.118790007259651,-0.12271283689388,,10.26,CN
RJGDLRCDCYRQOQ-UHFFFAOYSA-N,0.049263261029696,-0.073337767372273,,5.639,0
OSWPMRLSEDHDFF-UHFFFAOYSA-N,0.14986225901079,-0.051195072610035,,3.773,OH
GPTVQTPMFOLLOA-UHFFFAOYSA-N,0.061201915016605,-0.048832818226732,,4.039,0
NEKCOKJRDOPRSK-UHFFFAOYSA-N,0.140387987670756,-0.070698736799919,,6.304,Py
RHQDFWAXVIIEBN-UHFFFAOYSA-N,0.110928859261129,-0.054384615095874,,2.472,OH
XCWPBWWTGHQKDR-UHFFFAOYSA-N,0.277083815880236,-0.043472140700752,,3.728,0
BWHOZHOGCMHOBV-BQYQJAHWSA-N,0.157438323161259,-0.078201567786884,,6.128,0
XXBDWLFCJWSEKW-UHFFFAOYSA-N,0.070343177843045,-0.058206571884851,,6.594,N3
JVZRCNQLWOELDU-UHFFFAOYSA-N,0.10743044607999,-0.049798588112397,,7.417,Py
USIUVYZYUHIAEV-UHFFFAOYSA-N,0.333821117685146,-0.032609348876674,,3.13,XX
SMZHKGXSEAGRTI-UHFFFAOYSA-N,0.083585476263917,-0.056190719976105,,3.062,0
SUDHEDJJFGYYPL-UHFFFAOYSA-N,0.032634751889287,-0.079156332489804,,7.128,0
PYOKUURKVVELLB-UHFFFAOYSA-N,0.113908372462493,-0.067890361571756,,4.284,0
XTGOWLIKIQLYRG-UHFFFAOYSA-N,0.079360785136586,-0.026922234954087,,1.973,Py
SQCZQTSHSZLZIQ-UHFFFAOYSA-N,0.045643291859376,-0.030546642777132,,2.218,0
WSJNYOVBJSOQST-UHFFFAOYSA-N,0.207162939467835,-0.070276837859842,,5.306,CO2
DKPFZGUDAPQIHT-UHFFFAOYSA-N,0.063997069414766,-0.078518281229258,,5.572,CO2
HXVNBWAKAOHACI-UHFFFAOYSA-N,1.35065883535455,-0.070784836600014,,5.461,0
ULYZAYCEDJDHCC-UHFFFAOYSA-N,0.092185681983731,-0.030362799315212,,2.395,0
JJYPMNFTHPTTDI-UHFFFAOYSA-N,0.1305154637698,-0.069748592903942,,4.688,N1
HPMLGNIUXVXALD-UHFFFAOYSA-N,0.092534655654086,-0.064297653130655,,2.418,0
GCDVQIPVANUWJO-UHFFFAOYSA-N,35.8918757122137,-0.10233236608258,,8.75,Py
NAIVIVMHCDWBEF-UHFFFAOYSA-N,0.288614899032297,-0.076807645635125,,6.517,0
XQABVLBGNWBWIV-UHFFFAOYSA-N,0.207652937022603,-0.05387588075722,,7.794,Py
FVSKHRXBFJPNKK-UHFFFAOYSA-N,0.067242595585944,-0.06739035510534,,5.195,CN
AKODNVGCZKBUNT-UHFFFAOYSA-N,0.331442777317365,-0.086103007727802,,7.048,0
MSXIOWULDXZJLX-UHFFFAOYSA-N,0.050191139526143,-0.084444480067317,,7.75,Py
YEEMHJNIVXNCSN-ALCCZGGFSA-N,0.288185672267078,-0.108691380061499,,8.039,CN
WZADGDPHGLPABW-UHFFFAOYSA-N,0.096674272091553,-0.071548404131278,,5.617,0
KJDRSWPQXHESDQ-UHFFFAOYSA-N,0.785206731770843,-0.027391633238427,,2.018,0
IOQPZZOEVPZRBK-UHFFFAOYSA-N,0.07789655643168,-0.078617049109102,,8.105,N1
XULIXFLCVXWHRF-UHFFFAOYSA-N,0.041578080523229,-0.044178559074352,,5.839,N3
BIPUHAHGLJKIPK-UHFFFAOYSA-N,0.083137534513728,-0.077763437665817,,6.083,0
WBDSPWDNJYQQDT-UHFFFAOYSA-N,0.062115196233485,-0.069279630924873,,7.572,0
MSPDNPMYZVJMAM-OVMOHIIOSA-N,10.0936067249144,-0.075764506917111,,5.95,0
STZZWJCGRKXEFF-UHFFFAOYSA-N,0.244519297509456,-0.052401717317503,,3.399,CN
XTHFKEDIFFGKHM-UHFFFAOYSA-N,0.031478874034061,-0.05659333459727,,5.328,0
HJOVHMDZYOCNQW-UHFFFAOYSA-N,2.01087300312578,-0.010514242079687,,6.93,XX
BYEAHWXPCBROCE-UHFFFAOYSA-N,0.097229933957319,-0.043862411091608,,0.927,OH
BZLVMXJERCGZMT-UHFFFAOYSA-N,0.124246857415898,-0.081048727329408,,5.706,0
FERIUCNNQQJTOY-UHFFFAOYSA-N,0.362024886214217,-0.070605995650778,,4.944,0
UUWJBXKHMMQDED-UHFFFAOYSA-N,0.149113296525947,-0.052668941803505,,4.884,0
WXBWKMLIVXELSF-UHFFFAOYSA-N,0.066788479605979,-0.08055104040886,,5.373,0
SXVPOSFURRDKBO-UHFFFAOYSA-N,0.048557743236247,-0.062294033562084,,5.795,0
XRYKNXGXIFPTKH-UHFFFAOYSA-N,0.12201185700158,-0.053025021918384,,3.708,0
UIQGEWJEWJMQSL-UHFFFAOYSA-N,0.041700998224927,-0.071177562736704,,5.195,0
WFJXYIUAMJAURQ-UHFFFAOYSA-N,0.041604342666149,-0.093171674641035,,8.745,SO
BEZDDPMMPIDMGJ-UHFFFAOYSA-N,0.083945889699038,-0.035323727524251,,2.781,0
JLSSWDFCYXSLQX-UHFFFAOYSA-N,0.090344282994748,-0.075505024950518,,5.061,CN
BEUGBYXJXMVRFO-UHFFFAOYSA-N,0.137883994511917,-0.088530306595139,,6.972,0
AFHUWZFARIICFX-UHFFFAOYSA-N,0.168617959607287,-0.077929321502552,,6.39,0
VZGDMQKNWNREIO-UHFFFAOYSA-N,0.190690131633447,-0.004598881244254,,0.618,0
JJHHIJFTHRNPIK-UHFFFAOYSA-N,0.15215164389611,-0.084531591176473,,7.483,SO
ODKLEQPZOCJQMT-UHFFFAOYSA-N,0.076333179527174,-0.094012921415249,,9.483,Py
UBUCNCOMADRQHX-UHFFFAOYSA-N,0.079409937936481,-0.074644497034893,,4.306,0
PAMIQIKDUOTOBW-UHFFFAOYSA-N,0.028001973783606,-0.061208694139023,,7.75,N3
WBJINCZRORDGAQ-UHFFFAOYSA-N,0.04736872357095,-0.06523997802831,,4.528,CO2
YNQLUTRBYVCPMQ-UHFFFAOYSA-N,0.055768645868122,-0.030154702849872,,2.163,0
XYWDPYKBIRQXQS-UHFFFAOYSA-N,0.052663107514055,-0.051266856781853,,3.811,0
UMPRJGKLMUDRHL-UHFFFAOYSA-N,0.163504557457106,-0.055232224142623,,5.017,CO2
OAGOUCJGXNLJNL-UHFFFAOYSA-N,0.052958853751323,-0.077988523510381,,6.528,CN
QPKDBLGFWZSDSB-UHFFFAOYSA-N,0.516788504585936,-0.05230436308746,,4.899,0
FVSKHRXBFJPNKK-UHFFFAOYSA-N,0.067242595585938,-0.067390355105316,,5.195,CN
VQGHOUODWALEFC-UHFFFAOYSA-N,0.04001737310286,-0.067437997089076,,6.239,Py
UCCTWLQOBSQILV-UHFFFAOYSA-N,0.240783700105119,-0.088188346458608,,7.783,0
HATLLUIOEIXWGD-UHFFFAOYSA-N,0.09598396991761,-0.088676498917435,,7.994,Py
DHIVLKMGKIZOHF-UHFFFAOYSA-N,18.7478212514857,-0.049131832625575,,3.106,0
KZTYYGOKRVBIMI-UHFFFAOYSA-N,0.05073516335553,-0.075044396861516,,5.75,SO
LNMBCRKRCIMQLW-UHFFFAOYSA-N,0.042415874032081,-0.051797053466546,,3.562,0
IOQPZZOEVPZRBK-UHFFFAOYSA-N,0.077896556431673,-0.078617049109107,,8.105,N1
SWIMPUZQSVMCCL-UHFFFAOYSA-N,0.058741802294399,-0.075340689137036,,8.594,0
LYCAIKOWRPUZTN-UHFFFAOYSA-N,0.096976735104973,-0.061678943689145,,5.253,OH
FKNQCJSGGFJEIZ-UHFFFAOYSA-N,0.048594639550201,-0.066559846436321,,7.661,Py
BHHGXPLMPWCGHP-UHFFFAOYSA-N,0.06769011408983,-0.066052649552489,,7.861,N1
DCNUQRBLZWSGAV-UHFFFAOYSA-N,0.11503649655161,-0.082198788636889,,6.195,0
AQEFLFZSWDEAIP-UHFFFAOYSA-N,0.036504489601192,-0.071212537523698,,4.728,0
JYYNAJVZFGKDEQ-UHFFFAOYSA-N,0.071805905317573,-0.058333912054442,,7.25,Py
FSPSELPMWGWDRY-UHFFFAOYSA-N,0.076892936535646,-0.077138820686162,,5.506,0
LVQDLURAEDSMES-UHFFFAOYSA-N,0.080799123556979,-0.088495245766586,,7.931,0
NVJUHMXYKCUMQA-UHFFFAOYSA-N,0.02780578033842,-0.0662511451971,,5.15,0
XQABVLBGNWBWIV-UHFFFAOYSA-N,0.20765293702258,-0.053875880757216,,7.794,Py
CHSPMZWZNFDUDE-UHFFFAOYSA-N,0.226171968310339,-0.106412288517305,,9.505,SO
RKSOPLXZQNSWAS-UHFFFAOYSA-N,0.059034018569106,-0.030557700694967,,2.34,0
HHEIMYAXCOIQCJ-UHFFFAOYSA-N,0.102048855585842,-0.069444726508449,,5.373,CO2
YNAVUWVOSKDBBP-UHFFFAOYSA-N,8.20958117491769,-0.07240363130931,,7.194,N2
VAJCYQHLYBTSHG-UHFFFAOYSA-N,0.172378849712416,-0.062399032416606,,7.394,0
FUCOMWZKWIEKRK-UHFFFAOYSA-N,0.185791159800608,-0.026161992090838,,2.4,mdd
JLSSWDFCYXSLQX-UHFFFAOYSA-N,0.090344282994751,-0.075505024950527,,5.061,CN
WPYMKLBDIGXBTP-UHFFFAOYSA-N,0.232330636735474,-0.064449563620576,,4.944,0
OOLOYCGJRJFTPM-UHFFFAOYSA-N,0.043933695324079,-0.044792573279683,,2.462,0
AATNZNJRDOVKDD-UHFFFAOYSA-N,0.073095002093336,-0.094291621280538,,9.172,PO
BGNGWHSBYQYVRX-UHFFFAOYSA-N,0.078857700853355,-0.093287478765634,,6.461,0
GJRQTCIYDGXPES-UHFFFAOYSA-N,0.077801383606433,-0.075896118382838,,5.595,CO2
HPNMFZURTQLUMO-UHFFFAOYSA-N,0.050145111278021,-0.065599599896601,,7.872,N2
XNBKKRFABABBPM-UHFFFAOYSA-N,0.100226128449989,-0.060199882476045,,4.728,0
ZCQWOFVYLHDMMC-UHFFFAOYSA-N,0.103193587330348,-0.090810883831328,,5.768,Py
XFRSYDKTYAUVAW-UHFFFAOYSA-N,0.13428247496066,-0.075411840063985,,8.194,Py
WMQUKDQWMMOHSA-UHFFFAOYSA-N,0.140642881139687,-0.069458984556913,,6.395,Py
JWUJQDFVADABEY-RXMQYKEDSA-N,0.044194347556148,-0.067559944165305,,6.039,0
JWVNPUBYKCSIKR-UHFFFAOYSA-N,0.095583983112729,-0.093005948482004,,7.239,Py
WGJCBBASTRWVJL-UHFFFAOYSA-N,0.17940860003654,-0.057416211011104,,5.995,0
CDNHLXOFELOEOL-UHFFFAOYSA-N,0.187246309621276,-0.057170729297912,,6.461,0
VBZWSGALLODQNC-UHFFFAOYSA-N,0.117407185166403,-0.030322028046815,,2.629,0
HHAISVSEJFEWBZ-UHFFFAOYSA-N,0.070485109286839,-0.067150102953423,,4.795,0
ZWXPDGCFMMFNRW-UHFFFAOYSA-N,0.046854187464513,-0.092754186753339,,8.683,0
ARKIFHPFTHVKDT-UHFFFAOYSA-N,0.136754768341632,-0.060210623727851,,4.595,0
NUJGJRNETVAIRJ-UHFFFAOYSA-N,0.042471729493372,-0.065700561166271,,4.635,0
HLDBHWJNZHGZMV-LLVKDONJSA-N,0.086786711353691,-0.080603674654647,,7.622,SO
VVBLNCFGVYUYGU-UHFFFAOYSA-N,5.11847682737999,-0.035632194763181,,7.35,XX
SWFHGTMLYIBPPA-UHFFFAOYSA-N,0.070766105678432,-0.078544344155368,,5.884,0
QMMFVYPAHWMCMS-UHFFFAOYSA-N,0.061086825923652,-0.049527628289766,,3.502,0
FXHOOIRPVKKKFG-UHFFFAOYSA-N,0.049266016578642,-0.093387159806724,,8.483,0
FEWLNYSYJNLUOO-UHFFFAOYSA-N,0.048866906519235,-0.081426367003955,,7.661,0
PPMDSXRMQXBCJW-UHFFFAOYSA-N,0.038404306639867,-0.091453874223783,,9.098,PO
WHTDCOSHHMXZNE-UHFFFAOYSA-N,0.279442048099703,-0.039612480814785,,6.592,Py
ATVJXMYDOSMEPO-UHFFFAOYSA-N,0.045387639938944,-0.064066527727285,,4.617,0
IGTWYMQBGKAFCF-VOTSOKGWSA-N,0.857378776092341,-0.076557224665479,,6.506,NO2
JKANAVGODYYCQF-UHFFFAOYSA-N,0.061359951380382,-0.066504822669644,,6.55,N1
DQWPFSLDHJDLRL-UHFFFAOYSA-N,4.98946654172856,-0.09810445768742,,8.781,PO
MHZGKXUYDGKKIU-UHFFFAOYSA-N,0.080425114662752,-0.074661777801676,,7.828,N1
AQNQZLOSBFEYBX-UHFFFAOYSA-N,0.056118575711423,-0.083355627938019,,8.2,mdd
WAULAQAPARJWJJ-UHFFFAOYSA-N,0.028727316052917,-0.046849072669108,,3.548,0
QAUUDNIGJSLPSX-UHFFFAOYSA-N,0.147500586331041,-0.056210620719483,,3.8,mdd
FUCOMWZKWIEKRK-UHFFFAOYSA-N,0.185791159800615,-0.026161992090806,,2.4,mdd
LKXYJYDRLBPHRS-UHFFFAOYSA-N,0.0663976845535,-0.025678728174352,,2.018,0
VDFVNEFVBPFDSB-UHFFFAOYSA-N,0.143911787360731,-0.072937649108027,,4.462,0
UWHSPZZUAYSGTB-UHFFFAOYSA-N,0.102073885144064,-0.095267353652442,,8.461,0
RIOQSEWOXXDEQQ-UHFFFAOYSA-N,16.5470052716977,-0.045276004571505,,5.52,XX
JHIVVAPYMSGYDF-UHFFFAOYSA-N,0.067911296406932,-0.082942178035744,,6.15,0
YMBSJQHEFLROIX-UHFFFAOYSA-N,0.102489005459681,-0.053794701475589,,6.899,0
NAMYKGVDVNBCFQ-UHFFFAOYSA-N,0.113146480754965,-0.028776987247945,,2.395,0
NOLVABYTFMDREN-ZETCQYMHSA-N,0.068920333414416,-0.057822938357445,,7.439,N3
RUOJZAUFBMNUDX-VKHMYHEASA-N,0.133316646845234,-0.081354958464949,,5.772,CO3
PFCHFHIRKBAQGU-UHFFFAOYSA-N,0.880836494194156,-0.077073698667475,,5.572,0
JFDZBHWFFUWGJE-UHFFFAOYSA-N,0.058286807862072,-0.068586577170362,,4.839,CN
FHUDAMLDXFJHJE-UHFFFAOYSA-N,0.122463694995714,-0.053802603221652,,2.929,0
QVSVMNXRLWSNGS-UHFFFAOYSA-N,0.107322993042544,-0.045988648687054,,6.572,N1
CSCPPACGZOOCGX-UHFFFAOYSA-N,0.105272417030798,-0.079697903631193,,5.684,0
CSJAXRKDCCWCSJ-UHFFFAOYSA-N,0.112276893535023,-0.099647405614848,,9.847,0
DSSYKIVIOFKYAU-XCBNKYQSSA-N,0.073269778544285,-0.080888142952194,,5.972,0
FMVJYQGSRWVMQV-UHFFFAOYSA-N,0.073705331843029,-0.058620003852653,,4.462,CO2
KFZMGEQAYNKOFK-UHFFFAOYSA-N,0.133372657360849,-0.080035126933757,,5.459,OH
KIDHWZJUCRJVML-UHFFFAOYSA-N,0.057423245875119,-0.074124606465857,,7.972,N1
RDHPKYGYEGBMSE-UHFFFAOYSA-N,0.064120681048859,-0.027296078052789,,2.173,0
MJWNJEJCQHNDNM-UHFFFAOYSA-N,0.188688641409891,-0.091911128896047,,7.77,SO
FAXDZWQIWUSWJH-UHFFFAOYSA-N,6.62583092842066,-0.093936981521329,,8.061,N1
DHXVGJBLRPWPCS-UHFFFAOYSA-N,0.027585472670928,-0.064444588875166,,5.795,0
BNUHAJGCKIQFGE-UHFFFAOYSA-N,1.13762124792299,-0.036390030167205,,4.17,XX
YQYGPGKTNQNXMH-UHFFFAOYSA-N,0.061197023025812,-0.05414937665404,,4.595,0
IMNDHOCGZLYMRO-UHFFFAOYSA-N,0.063220271998029,-0.074609104306239,,8.016,0
OPXCUUJACRRYMC-UHFFFAOYSA-N,0.047987852288051,-0.065496338892171,,5.328,0
IKHGUXGNUITLKF-UHFFFAOYSA-N,0.059246879228812,-0.073706436482298,,4.506,0
WNXJIVFYUVYPPR-UHFFFAOYSA-N,0.06167354116471,-0.068065757656473,,4.062,0
ZDOYHCIRUPHUHN-UHFFFAOYSA-N,0.141101395702069,-0.08160189430947,,5.1,mdd
RGWHHWWMFUXNAX-ICWSVDNISA-N,0.0403116147024,-0.05984532680732,,5.661,0
JQVDAXLFBXTEQA-UHFFFAOYSA-N,0.180137900875884,-0.083623505681151,,7.931,N2
MNZAKDODWSQONA-UHFFFAOYSA-N,4.30710764069914,-0.012737217780408,,10.2,XX
VSUGUKXAAPOFPQ-UHFFFAOYSA-N,0.251911122215839,-0.031535238624754,,6.3,mdd
YNPNZTXNASCQKK-UHFFFAOYSA-N,0.075493349978006,-0.025178930269066,,2.86,0
DPBLXKKOBLCELK-UHFFFAOYSA-N,6.3517952520078,-0.003934674192009,,7.83,XX
KWRGMBARTDLYSH-UHFFFAOYSA-N,0.084718762067622,-0.066868354810572,,7.505,0
YXTROGRGRSPWKL-UHFFFAOYSA-N,0.139066098194123,-0.095521506612943,,7.87,0
XEJIHKUDPINBCS-UHFFFAOYSA-N,0.658679285304892,-0.065763581079551,,7.083,0
QRPMWVNREKTPOV-UHFFFAOYSA-N,0.071020927983394,-0.053344313483176,,4.769,Py
LYGJENNIWJXYER-UHFFFAOYSA-N,0.119404890156146,-0.06478065662526,,3.662,NO2
OSOIQJGOYGSIMF-UHFFFAOYSA-N,0.07523755836543,-0.071397532891901,,5.772,0
PAPBSGBWRJIAAV-UHFFFAOYSA-N,0.087748271437876,-0.078010996486926,,6.683,CO2
WNXJIVFYUVYPPR-UHFFFAOYSA-N,0.06167354116473,-0.068065757656465,,4.062,0
RTZKZFJDLAIYFH-UHFFFAOYSA-N,0.0294949176189,-0.057900611141312,,5.306,0
WZJYKHNJTSNBHV-UHFFFAOYSA-N,0.09724093686186,-0.079295760732292,,5.639,Py
AIMREYQYBFBEGQ-UHFFFAOYSA-N,0.083991238342781,-0.068155107666177,,3.995,NO2
SYEXGNJRYPOUSI-DNSLJTBWSA-N,0.061275893070777,-0.072087039141316,,5.417,CO2
OOWFYDWAMOKVSF-UHFFFAOYSA-N,0.09522809685067,-0.08083384265211,,5.078,CN
YTPLMLYBLZKORZ-UHFFFAOYSA-N,0.054661158225075,-0.024418264288277,,2.242,0
IWTFOFMTUOBLHG-UHFFFAOYSA-N,0.107286825158413,-0.053530935125284,,5.261,Py
ITQTTZVARXURQS-UHFFFAOYSA-N,0.08633515159867,-0.080800866699105,,7.505,Py
BYEAHWXPCBROCE-UHFFFAOYSA-N,0.097229933957305,-0.043862411091611,,0.927,OH
AAAXMNYUNVCMCJ-UHFFFAOYSA-N,0.056519355403232,-0.016428290435513,,1.9,mdd
URLKBWYHVLBVBO-UHFFFAOYSA-N,0.034813747161694,-0.030981620753931,,2.458,0
VJPAMLCBTIWAHI-UHFFFAOYSA-N,0.059283520027057,-0.086215638641217,,7.239,0
YNPNZTXNASCQKK-UHFFFAOYSA-N,0.075493349978002,-0.025178930269059,,2.86,0
PDLCCNYKIIUWHA-UHFFFAOYSA-N,0.219083712674362,-0.075725396788421,,5.75,0
SUNMBRGCANLOEG-UHFFFAOYSA-N,0.296079033521419,-0.066678648950417,,4.223,0
HXVNBWAKAOHACI-UHFFFAOYSA-N,1.35065883535469,-0.070784836599904,,5.461,0
GRIXINIGTYIHSN-UHFFFAOYSA-N,0.108957599683295,-0.063172587426642,,6.181,0
UHNHTTIUNATJKL-UHFFFAOYSA-N,0.131471986220344,-0.078937811792855,,5.852,SO
RNVCVTLRINQCPJ-UHFFFAOYSA-N,0.072717222498024,-0.041014139661957,,4.532,0
LZDKZFUFMNSQCJ-UHFFFAOYSA-N,0.029424128891599,-0.056745610975188,,5.484,0
XRYKNXGXIFPTKH-UHFFFAOYSA-N,0.122011857001594,-0.053025021918375,,3.708,0
JUJWROOIHBZHMG-UHFFFAOYSA-N,0.110336101301098,-0.049484372976071,,7.194,Py
FRGXNJWEDDQLFH-UHFFFAOYSA-N,0.040522633663656,-0.08224646583556,,7.416,Py
HFZKOYWDLDYELC-UHFFFAOYSA-N,0.117106312065424,-0.071344901563459,,4.084,NO2
VFWCMGCRMGJXDK-UHFFFAOYSA-N,0.372061858575588,-0.029812200400913,,2.151,0
OBNCKNCVKJNDBV-UHFFFAOYSA-N,0.064518463877613,-0.074572755795936,,5.528,CO2
AUFIRGPROMANKW-UHFFFAOYSA-N,0.055116457071856,-0.061674346579302,,7.461,N3
MZBUJUWHEHJJKJ-UHFFFAOYSA-N,0.100499583588263,-0.064624703655957,,5.572,0
VVJKKWFAADXIJK-UHFFFAOYSA-N,0.050718002892714,-0.074546926696493,,7.372,N1
KDISMIMTGUMORD-UHFFFAOYSA-N,0.112358167529766,-0.099263990657089,,8.165,0
FAXDZWQIWUSWJH-UHFFFAOYSA-N,6.62583092842068,-0.093936981521322,,8.061,N1
UHOVQNZJYSORNB-UHFFFAOYSA-N,0.037134131927062,-0.027007396961947,,2.124,0
DPBLXKKOBLCELK-UHFFFAOYSA-N,6.3517952520078,-0.003934674192029,,7.83,XX
IAZDPXIOMUYVGZ-UHFFFAOYSA-N,0.134622329773563,-0.104469786008584,,8.599,SO
RAXXELZNTBOGNW-UHFFFAOYSA-N,0.112449961295949,-0.095531908682763,,8.55,Py
JUNNTRSMCCUKGG-UHFFFAOYSA-N,0.20039128047474,-0.075351411975934,,6.017,0
KPWDGTGXUYRARH-UHFFFAOYSA-N,0.197197913075943,-0.055478225373678,,2.781,OH
NVJBFARDFTXOTO-UHFFFAOYSA-N,0.043939028578992,-0.07207651040574,,4.897,SO
WYURNTSHIVDZCO-UHFFFAOYSA-N,0.035043967813263,-0.062727822221214,,5.906,0
JMMWKPVZQRWMSS-UHFFFAOYSA-N,0.097288165684489,-0.076735604865835,,5.617,CO2
BXRFQSNOROATLV-UHFFFAOYSA-N,0.062640085958758,-0.052578182782899,,3.862,0
WEEGYLXZBRQIMU-UHFFFAOYSA-N,41.3623275026121,-0.084165965456681,,6.13,XX
NCBZRJODKRCREW-UHFFFAOYSA-N,0.109220886176136,-0.067266486905549,,4.708,N1
URAYPUMNDPQOKB-UHFFFAOYSA-N,0.124126865613398,-0.072214312753758,,4.928,CO2
DAZXVJBJRMWXJP-UHFFFAOYSA-N,0.065978590277456,-0.057084144647645,,7.883,N3
LDDOSDVZPSGLFZ-UHFFFAOYSA-N,0.430719102152352,-0.076794014814391,,5.55,CO2
VCHOFVSNWYPAEF-UHFFFAOYSA-N,0.133843336519114,-0.071381627448451,,5.639,0
TZIHFWKZFHZASV-UHFFFAOYSA-N,0.058810808232051,-0.072132753766878,,4.517,CO2
JLSSWDFCYXSLQX-UHFFFAOYSA-N,0.090344282994755,-0.075505024950509,,5.061,CN
XEZNGIUYQVAUSS-UHFFFAOYSA-N,0.08702616726149,-0.06963606740522,,5.7,mdd
WMFABESKCHGSRC-UHFFFAOYSA-N,0.058770756646577,-0.063306695058529,,2.751,0
VYHBFRJRBHMIQZ-UHFFFAOYSA-N,4.89176635126724,-0.036638414796251,,8.24,XX
LRHPLDYGYMQRHN-UHFFFAOYSA-N,0.769035802479472,-0.00716908464937,,5.4,XX
JHIVVAPYMSGYDF-UHFFFAOYSA-N,0.067911296406933,-0.082942178035697,,6.15,0
CSVFWMMPUJDVKH-UHFFFAOYSA-N,0.106143966584431,-0.054663406563476,,3.617,0
QSACPWSIIRFHHR-UHFFFAOYSA-N,0.055041534876258,-0.065780714210275,,4.973,CN
CGHIBGNXEGJPQZ-UHFFFAOYSA-N,0.28694888225519,-0.039355664481562,,2.369,0
PERWAYOEWJEJNO-UHFFFAOYSA-N,0.366474707884299,-0.068787148521505,,7.883,0
OHLUUHNLEMFGTQ-UHFFFAOYSA-N,0.074083756569555,-0.085791126455193,,8.172,0
OZNXTQSXSHODFR-CHIWXEEVSA-N,0.045307684627492,-0.034857755706103,,2.662,0
ZDPAWHACYDRYIW-UHFFFAOYSA-N,0.072631090850775,-0.061151115132239,,5.284,0
AFHUWZFARIICFX-UHFFFAOYSA-N,0.168617959607305,-0.077929321502543,,6.39,0
IWJMFKRJGSKMBW-SHRKTGAESA-N,11.9111673334977,-0.081837629433448,,8.716,PO
YNQLUTRBYVCPMQ-UHFFFAOYSA-N,0.055768645868108,-0.030154702849895,,2.163,0
JKTCBAGSMQIFNL-UHFFFAOYSA-N,0.125763055648939,-0.058169813717863,,4.239,0
SJNALLRHIVGIBI-UHFFFAOYSA-N,0.069295836578713,-0.065321070267352,,4.995,CN
JIBRFXMUEQDPGO-UHFFFAOYSA-N,0.051371191311224,-0.085182979141681,,8.2,mdd
AATNZNJRDOVKDD-UHFFFAOYSA-N,0.073095002093322,-0.094291621280499,,9.172,PO
VLVCDUSVTXIWGW-UHFFFAOYSA-N,0.132597277413829,-0.040069412842581,,3.835,N1
GGSUCNLOZRCGPQ-UHFFFAOYSA-N,0.387867678487428,-0.038254722386158,,4.877,N3
JXTGICXCHWMCPM-UHFFFAOYSA-N,0.053234038973955,-0.08697883557376,,7.8,mdd
UWHSPZZUAYSGTB-UHFFFAOYSA-N,0.102073885144071,-0.095267353652439,,8.461,0
ULYZAYCEDJDHCC-UHFFFAOYSA-N,0.09218568198374,-0.030362799315226,,2.395,0
XXBDWLFCJWSEKW-UHFFFAOYSA-N,0.070343177843027,-0.058206571884835,,6.594,N3
KMSNYNIWEORQDJ-UHFFFAOYSA-N,0.118775139275739,-0.071673709188003,,5.15,0
GRTGGSXWHGKRSB-UHFFFAOYSA-N,0.157679298387533,-0.032867410990718,,2.862,0
ISWSIDIOOBJBQZ-UHFFFAOYSA-N,0.118630112814596,-0.051313538206959,,2.884,OH
OEPRBXUJOQLYID-UHFFFAOYSA-N,16.7263036933766,-0.04927161197854,,2.929,0
GOOHAUXETOMSMM-VKHMYHEASA-N,0.039726293028448,-0.063550753947215,,5.217,0
JWUJQDFVADABEY-RXMQYKEDSA-N,0.04419434755615,-0.067559944165302,,6.039,0
IIRFCWANHMSDCG-UHFFFAOYSA-N,0.034240658779336,-0.06780705749795,,6.283,0
MFEIKQPHQINPRI-UHFFFAOYSA-N,0.052483611109222,-0.068356113529713,,7.528,Py
PNPCRKVUWYDDST-UHFFFAOYSA-N,0.087869314675082,-0.028321434736313,,3.582,0
HCFAJYNVAYBARA-UHFFFAOYSA-N,69.0121342784883,-0.003098837820828,,5.595,0
XIAJQOBRHVKGSP-UHFFFAOYSA-N,0.061869560380371,-0.030084483707364,,1.662,0
MTZQAGJQAFMTAQ-UHFFFAOYSA-N,0.109538804771905,-0.054730044344227,,5.15,CO2
SKECXRFZFFAANN-UHFFFAOYSA-N,0.085233973259538,-0.064400704148479,,5.395,0
PJYTYJGMJDIKEJ-UHFFFAOYSA-N,0.150266933782628,-0.078829968894713,,5.75,0
XFRSYDKTYAUVAW-UHFFFAOYSA-N,0.13428247496069,-0.075411840064078,,8.194,Py
MTAODLNXWYIKSO-UHFFFAOYSA-N,0.121870699373577,-0.051444440144891,,5.173,Py
SJMLNDPIJZBEKY-UHFFFAOYSA-N,0.093236625799431,-0.059976439612509,,3.395,CO2
BNUHAJGCKIQFGE-UHFFFAOYSA-N,1.13762124792297,-0.036390030167198,,4.17,XX
VBZWSGALLODQNC-UHFFFAOYSA-N,0.117407185166407,-0.030322028046827,,2.629,0
XACSJLKCXDEIPX-UHFFFAOYSA-N,0.065906222605587,-0.066403104804289,,7.283,0
IDJCCRRYIMWLSQ-UHFFFAOYSA-N,0.201806445995544,-0.081805320490547,,7.517,0
ODKLEQPZOCJQMT-UHFFFAOYSA-N,0.076333179527158,-0.09401292141523,,9.483,Py
HNJBEVLQSNELDL-UHFFFAOYSA-N,0.243449740238582,-0.096355045320967,,8.854,0
KBEBGUQPQBELIU-CMDGGOBGSA-N,0.302004016573511,-0.078581314792636,,5.595,CO2
XFNJVJPLKCPIBV-UHFFFAOYSA-N,0.138846540943694,-0.086946258357697,,8.883,N1
YBRBMKDOPFTVDT-UHFFFAOYSA-N,0.057494001763685,-0.084358424427807,,8.083,N1
AVQQQNCBBIEMEU-UHFFFAOYSA-N,0.042194069890936,-0.082702956809964,,8.483,0
SAANJXKHPZBABZ-UHFFFAOYSA-N,35.8365345641127,-0.024564938355342,,7.33,XX
JIHQDMXYYFUGFV-UHFFFAOYSA-N,0.216373579393673,-0.071768728937444,,3.773,Py
VVIAWLIDZAXESO-UHFFFAOYSA-N,0.047400072135456,-0.052882822714567,,4.684,0
RGXUCUWVGKLACF-UHFFFAOYSA-N,0.050980138667873,-0.065960713269247,,7.439,N1
GOBGVVAHHOUMDK-UHFFFAOYSA-N,0.031967841426065,-0.050564073632046,,3.262,0
GNOIPBMMFNIUFM-UHFFFAOYSA-N,0.071855981735732,-0.106044057387791,,10.91,PO
RYMBAPVTUHZCNF-UHFFFAOYSA-N,0.054492822850614,-0.064852492338551,,6.372,Py
BULLHNJGPPOUOX-UHFFFAOYSA-N,0.073098770823583,-0.054089930047591,,4.528,0
KGIGUEBEKRSTEW-UHFFFAOYSA-N,0.093200235125094,-0.053508217363442,,6.728,Py
KYQCOXFCLRTKLS-UHFFFAOYSA-N,0.04790751988751,-0.056120267320637,,5.106,Py
MVPPADPHJFYWMZ-UHFFFAOYSA-N,0.072991426129782,-0.021325193357503,,1.753,0
XZIAFENWXIQIKR-UHFFFAOYSA-N,0.113170714418093,-0.048683195369753,,4.795,CO2
SCYULBFZEHDVBN-UHFFFAOYSA-N,0.08795325893179,-0.021691319976913,,1.462,0
FMVJYQGSRWVMQV-UHFFFAOYSA-N,0.07370533184302,-0.058620003852667,,4.462,CO2
RIOQSEWOXXDEQQ-UHFFFAOYSA-N,16.5470052716977,-0.045276004571548,,5.52,XX
OLJDIRLJSRSJNR-UHFFFAOYSA-N,0.113257641394739,-0.069098522904573,,4.411,0
KBPLFHHGFOOTCA-UHFFFAOYSA-N,0.199820489284889,-0.067212336191862,,5.356,OH
VEFLKXRACNJHOV-UHFFFAOYSA-N,0.068360915888796,-0.02329395706386,,1.884,0
WJYIASZWHGOTOU-UHFFFAOYSA-N,0.07472235866525,-0.08037271200625,,7.725,N1
INQOMBQAUSQDDS-UHFFFAOYSA-N,3.28286763942615,-0.020986531260048,,2.0,mdd
ROUYUBHVBIKMQO-UHFFFAOYSA-N,0.075157363876773,-0.018068250383422,,2.0,mdd
AHJWSRRHTXRLAQ-UHFFFAOYSA-N,0.043583391921223,-0.059054129185025,,4.973,0
JLZWKZDHHREXTA-UHFFFAOYSA-N,0.214606344218126,-0.077472468715982,,6.959,0
VZXXYILNWWRSGE-OCAPTIKFSA-N,0.116203862921905,-0.077849976182664,,5.439,0
MZBIWKMCTWJLPT-UHFFFAOYSA-N,0.103889038182462,-0.084501106598548,,8.452,PO
VEUUMBGHMNQHGO-UHFFFAOYSA-N,0.163610937230713,-0.059185963452869,,4.55,CO2
LQNUZADURLCDLV-UHFFFAOYSA-N,0.093572982254456,-0.065438217320777,,3.728,NO2
XRGPFNGLRSIPSA-UHFFFAOYSA-N,0.228161150976187,-0.068766829362321,,4.573,0
WVDDGKGOMKODPV-UHFFFAOYSA-N,53.1775801148242,-0.040870492942485,,4.94,XX
VEZXCJBBBCKRPI-UHFFFAOYSA-N,0.084345479360839,-0.074919436795598,,4.973,CO2
KYEACNNYFNZCST-UHFFFAOYSA-N,0.064473610497409,-0.068215225849004,,6.083,0
LYDRKKWPKKEMNZ-UHFFFAOYSA-N,0.250500082417437,-0.062122913381478,,5.217,CO2
IWDCLRJOBJJRNH-UHFFFAOYSA-N,0.181912406800775,-0.060721822391539,,3.09,OH
HZCDANOFLILNSA-UHFFFAOYSA-N,0.144385145540916,-0.095942178220469,,8.032,PO
FMKOJHQHASLBPH-UHFFFAOYSA-N,65.1465231977056,-0.024016438755773,,2.2,mdd
MNOILHPDHOHILI-UHFFFAOYSA-N,5.07442618983383,-0.047342122212404,,6.06,XX
HHEIMYAXCOIQCJ-UHFFFAOYSA-N,0.102048855585847,-0.069444726508461,,5.373,CO2
LRDFRRGEGBBSRN-UHFFFAOYSA-N,0.044745355099538,-0.071561370340281,,5.284,CN
SUSQOBVLVYHIEX-UHFFFAOYSA-N,0.072325186844415,-0.068233693614126,,4.802,CN
PVMNPAUTCMBOMO-UHFFFAOYSA-N,0.209967649101424,-0.033783660950832,,6.483,Py
LIWAQLJGPBVORC-UHFFFAOYSA-N,0.044649522448772,-0.07446979061598,,8.061,N2
SYEXGNJRYPOUSI-UHFFFAOYSA-N,0.344354931436769,-0.06653015991871,,5.42,XX
KWOLFJPFCHCOCG-UHFFFAOYSA-N,0.072773879798811,-0.066132916261855,,5.528,0
RWRDLPDLKQPQOW-UHFFFAOYSA-N,0.104585839494241,-0.065258613542532,,8.816,N2
BGNGWHSBYQYVRX-UHFFFAOYSA-N,0.078857700853355,-0.093287478765648,,6.461,0
ZKKBIZXAEDFPNL-HWKANZROSA-N,0.062046074154154,-0.088236917764046,,6.839,CN
UCCTWLQOBSQILV-UHFFFAOYSA-N,0.240783700105135,-0.088188346458605,,7.783,0
OSOIQJGOYGSIMF-UHFFFAOYSA-N,0.075237558365455,-0.071397532891901,,5.772,0
UUIMDJFBHNDZOW-UHFFFAOYSA-N,0.223690372914628,-0.071108522656708,,6.217,Py
QZVQQUVWFIZUBQ-UHFFFAOYSA-N,0.08068286066697,-0.037564531551936,,3.742,0
QTPJMTACJMLPLL-UHFFFAOYSA-N,0.159445733343411,-0.058928579827658,,4.65,0
SECXISVLQFMRJM-UHFFFAOYSA-N,48.8680494278379,-0.078474950418213,,8.35,XX
FDPIMTJIUBPUKL-UHFFFAOYSA-N,0.070014666693425,-0.081452752917043,,5.595,0
QARVLSVVCXYDNA-UHFFFAOYSA-N,0.086921137279772,-0.020532344809023,,1.378,0
CDNHLXOFELOEOL-UHFFFAOYSA-N,0.187246309621287,-0.057170729297901,,6.461,0
SYBYTAAJFKOIEJ-UHFFFAOYSA-N,0.042815567161912,-0.070341822748855,,5.634,0
NKDDWNXOKDWJAK-UHFFFAOYSA-N,0.034302420455186,-0.056010657348866,,4.351,0
SVYKKECYCPFKGB-UHFFFAOYSA-N,0.03739844453315,-0.072010631176385,,7.825,N3
XQAACMFZWHCPPN-UHFFFAOYSA-N,0.170928306866058,-0.085701600867653,,7.159,0
LEIMLDGFXIOXMT-UHFFFAOYSA-N,0.425156497981098,-0.044943149964437,,5.128,CN
JVZRCNQLWOELDU-UHFFFAOYSA-N,0.107430446080002,-0.049798588112394,,7.417,Py
MTPBUCCXRGSDCR-UHFFFAOYSA-N,0.04158551242849,-0.080844581468401,,9.016,Py
UHNHTTIUNATJKL-UHFFFAOYSA-N,0.131471986220314,-0.078937811792875,,5.852,SO
IMNDHOCGZLYMRO-UHFFFAOYSA-N,0.063220271998015,-0.074609104306225,,8.016,0
SVEUVITYHIHZQE-UHFFFAOYSA-N,0.125414379274837,-0.065923181159789,,7.75,Py
QKZRSIWEFMDUIL-UHFFFAOYSA-N,0.065060345058827,-0.079602504880672,,6.706,0
XHNTVKASLQLNFM-UHFFFAOYSA-N,0.123161971504732,-0.108095530174516,,9.549,0
SNZSAFILJOCMFM-UHFFFAOYSA-N,0.347511020343923,-0.115849174014818,,10.81,PO
JUJWROOIHBZHMG-UHFFFAOYSA-N,0.110336101301108,-0.04948437297609,,7.194,Py
WGYKZJWCGVVSQN-UHFFFAOYSA-N,0.068762145793813,-0.077683990256464,,7.928,N1
GAEKPEKOJKCEMS-BYPYZUCNSA-N,0.094226558457555,-0.087588321525564,,6.239,CO2
NVPICXQHSYQKGM-UHFFFAOYSA-N,0.039291132395144,-0.083651926192663,,6.572,CN
ZWAJLVLEBYIOTI-OLQVQODUSA-N,0.040849894868735,-0.062045049245796,,5.572,0
CZPWVGJYEJSRLH-UHFFFAOYSA-N,0.149630498142273,-0.084584141622996,,5.439,Py
HWWYDZCSSYKIAD-UHFFFAOYSA-N,0.043998594412347,-0.076244243839392,,7.972,Py
LCZUOKDVTBMCMX-UHFFFAOYSA-N,0.043336970112304,-0.064427328522481,,5.928,Py
CWHFDTWZHFRTAB-UHFFFAOYSA-N,0.106207517908013,-0.073456974257807,,4.773,CN
PAMIQIKDUOTOBW-UHFFFAOYSA-N,0.028001973783617,-0.061208694139028,,7.75,N3
KSMVZQYAVGTKIV-UHFFFAOYSA-N,0.043844912720609,-0.063539251963693,,4.738,0
BNLLHLUAOXAUNQ-UHFFFAOYSA-N,0.073028106240317,-0.062367361785555,,5.595,0
XRYKNXGXIFPTKH-UHFFFAOYSA-N,0.122011857001599,-0.053025021918362,,3.708,0
WEEGYLXZBRQIMU-WAAGHKOSSA-N,0.029548731815361,-0.061459567632111,,6.128,0
UMURLIQHQSKULR-UHFFFAOYSA-N,0.574462435511814,-0.067452389365281,,6.128,0
JEDHEXUPBRMUMB-UHFFFAOYSA-N,0.077093017744993,-0.067059563191913,,8.461,Py
UMFJAHHVKNCGLG-UHFFFAOYSA-N,0.116353050292485,-0.085365675352447,,5.817,0
MZBUJUWHEHJJKJ-UHFFFAOYSA-N,0.100499583588249,-0.064624703655957,,5.572,0
FHUODBDRWMIBQP-UHFFFAOYSA-N,0.052787124517002,-0.066602944756593,,5.572,CO2
OKKJLVBELUTLKV-UHFFFAOYSA-N,0.12881790838455,-0.070014766249343,,4.841,OH
RJGDLRCDCYRQOQ-UHFFFAOYSA-N,0.049263261029696,-0.07333776737231,,5.639,0
ORPHOKOVVUFNKE-UHFFFAOYSA-N,0.064078359103538,-0.078936561098761,,7.301,0
NSWLMOHUXYULKL-UHFFFAOYSA-N,0.141238476431417,-0.086068893413478,,6.983,0
WMQUKDQWMMOHSA-UHFFFAOYSA-N,0.140642881139692,-0.069458984556931,,6.395,Py
XZMCDFZZKTWFGF-UHFFFAOYSA-N,0.115766083699119,-0.091775557121022,,5.55,CN
ARKIFHPFTHVKDT-UHFFFAOYSA-N,0.136754768341634,-0.060210623727842,,4.595,0
HEDRZPFGACZZDS-UHFFFAOYSA-N,0.120556603752384,-0.011114457955156,,0.824,0
BBLDTXFLAHKYFJ-UHFFFAOYSA-N,0.030270011882529,-0.06235723204235,,6.239,0
PAFZNILMFXTMIY-UHFFFAOYSA-N,0.099053535996054,-0.087528503394486,,8.15,N1
AUHZEENZYGFFBQ-UHFFFAOYSA-N,0.087639472916664,-0.032033098846602,,2.686,0
FGLBSLMDCBOPQK-UHFFFAOYSA-N,0.063263818141742,-0.064957438382106,,3.973,NO2
XQABVLBGNWBWIV-UHFFFAOYSA-N,0.207652937022591,-0.053875880757184,,7.794,Py
JYYNAJVZFGKDEQ-UHFFFAOYSA-N,0.071805905317614,-0.058333912054465,,7.25,Py
UFWIBTONFRDIAS-UHFFFAOYSA-N,0.040100363745898,-0.023307391991434,,2.798,0
VSUGUKXAAPOFPQ-UHFFFAOYSA-N,0.251911122215862,-0.031535238624782,,6.3,mdd
BRLQWZUYTZBJKN-VKHMYHEASA-N,0.083995796965848,-0.058930907786392,,4.039,0
QUSNBJAOOMFDIB-UHFFFAOYSA-N,0.071278633595796,-0.077481006305599,,7.883,N1
PJGSXYOJTGTZAV-UHFFFAOYSA-N,0.061648548030869,-0.064743136468302,,5.728,0
KWRGMBARTDLYSH-UHFFFAOYSA-N,0.084718762067663,-0.06686835481058,,7.505,0
DKPFZGUDAPQIHT-UHFFFAOYSA-N,0.063997069414755,-0.078518281229238,,5.572,CO2
GSCLMSFRWBPUSK-VKHMYHEASA-N,0.072115070219901,-0.077609257154764,,5.217,CO2
NURQLCJSMXZBPC-UHFFFAOYSA-N,0.042357504876572,-0.074302046247846,,8.039,Py
JFDZBHWFFUWGJE-UHFFFAOYSA-N,0.058286807862056,-0.068586577170351,,4.839,CN
XBNGYFFABRKICK-UHFFFAOYSA-N,0.166557355783057,-0.034292142768701,,0.824,OH
ADSOSINJPNKUJK-UHFFFAOYSA-N,0.29068228822687,-0.045166315382307,,7.239,Py
BZLVMXJERCGZMT-UHFFFAOYSA-N,0.12424685741588,-0.081048727329407,,5.706,0
YXWJGZQOGXGSSC-UHFFFAOYSA-N,0.07156071471227,-0.066485739744509,,3.075,CN
BWLUMTFWVZZZND-UHFFFAOYSA-N,15.3149593702892,-0.028800179639925,,6.268,N2
VJXRKZJMGVSXPX-UHFFFAOYSA-N,0.102039212114656,-0.06210355680185,,7.661,Py
JMVIVASFFKKFQK-UHFFFAOYSA-N,0.179577981943414,-0.079781932368535,,7.114,0
ZUOUZKKEUPVFJK-UHFFFAOYSA-N,0.039130826602186,-0.025883286223673,,2.678,0
STSCVKRWJPWALQ-UHFFFAOYSA-N,1.03814267466357,-0.056744330986748,,3.24,CO2
SEEYREPSKCQBBF-UHFFFAOYSA-N,0.11023340300471,-0.062210034644821,,5.768,0
ZYPLZLQKRFFKCL-UHFFFAOYSA-N,0.088835527825344,-0.064076343119879,,6.506,0
JNAKRDAEBSBJGO-UHFFFAOYSA-N,0.058551572238146,-0.070926493544317,,7.622,0
RYHBNJHYFVUHQT-UHFFFAOYSA-N,0.035610504277949,-0.05765950248319,,4.684,0
MPPPKRYCTPRNTB-UHFFFAOYSA-N,0.943527891928891,-0.027841344960409,,2.307,0
XLSZMDLNRCVEIJ-UHFFFAOYSA-N,0.182174308879725,-0.098445847317395,,8.927,Py
NCCHARWOCKOHIH-UHFFFAOYSA-N,0.105548572418986,-0.073183485958671,,7.572,0
VCYZVXRKYPKDQB-UHFFFAOYSA-N,11.2955282646195,-0.062657771419728,,4.706,CO2
PWRBCZZQRRPXAB-UHFFFAOYSA-N,0.141122964978965,-0.046734375024954,,5.972,Py
DQYDFMBXYUTXOK-UHFFFAOYSA-N,0.012413368088796,-0.003920124218167,,7.66,XX
YFTHZRPMJXBUME-UHFFFAOYSA-N,0.165569656049929,-0.051749902497729,,6.628,N3
JWVCLYRUEFBMGU-UHFFFAOYSA-N,0.070005110466449,-0.080290034022923,,6.506,Py
WPYMKLBDIGXBTP-UHFFFAOYSA-N,0.232330636735481,-0.06444956362059,,4.944,0
CTSZPNIMMLSKDV-UHFFFAOYSA-N,0.036410653261055,-0.089177303513214,,8.816,Py
BATDBURDIROQFJ-SOFGYWHQSA-N,0.067865060985778,-0.072165919941821,,7.639,0
ZVWHURINXJWEER-UHFFFAOYSA-N,10.4433659956811,-0.041309986172273,,6.93,XX
HVCFCNAITDHQFX-UHFFFAOYSA-N,0.078309593778178,-0.082856908560729,,5.995,0
SNICXCGAKADSCV-JTQLQIEISA-N,0.656420138999176,-0.079345442999781,,7.699,Py
PKZJLOCLABXVMC-UHFFFAOYSA-N,0.087781546828166,-0.069207660146361,,5.528,0
RAOIDOHSFRTOEL-UHFFFAOYSA-N,0.03816584691077,-0.048572194864042,,3.342,0
IMNIMPAHZVJRPE-UHFFFAOYSA-N,0.027886629398623,-0.058697381418156,,8.923,N3
AZQWKYJCGOJGHM-UHFFFAOYSA-N,0.057135474329501,-0.053807015402651,,4.862,0
IKHGUXGNUITLKF-UHFFFAOYSA-N,0.059246879228814,-0.073706436482286,,4.506,0
HHAISVSEJFEWBZ-UHFFFAOYSA-N,0.07048510928685,-0.067150102953436,,4.795,0
AQEFLFZSWDEAIP-UHFFFAOYSA-N,0.03650448960121,-0.071212537523699,,4.728,0
PFCHFHIRKBAQGU-UHFFFAOYSA-N,0.880836494194135,-0.077073698667498,,5.572,0
IQZZFVDIZRWADY-UHFFFAOYSA-N,0.084712798618121,-0.083139912904725,,5.95,CO2
RKSOPLXZQNSWAS-UHFFFAOYSA-N,0.059034018569131,-0.030557700694955,,2.34,0
DHIVLKMGKIZOHF-UHFFFAOYSA-N,18.7478212514857,-0.049131832625573,,3.106,0
KXKVLQRXCPHEJC-UHFFFAOYSA-N,0.053834832207337,-0.076276304960505,,4.738,CO2
JIKUXBYRTXDNIY-UHFFFAOYSA-N,9.14106013371792,-0.083609331980517,,6.9,XX
YTPLMLYBLZKORZ-UHFFFAOYSA-N,0.054661158225078,-0.024418264288299,,2.242,0
QSJXEFYPDANLFS-UHFFFAOYSA-N,0.052721327668614,-0.051556888536048,,4.239,0
DRUIESSIVFYOMK-UHFFFAOYSA-N,0.116195698216226,-0.046129687187905,,2.344,CN
IOQPZZOEVPZRBK-UHFFFAOYSA-N,0.077896556431664,-0.0786170491091,,8.105,N1
XCWPBWWTGHQKDR-UHFFFAOYSA-N,0.277083815880182,-0.043472140700704,,3.728,0
SMBILOIZRKUZPE-UHFFFAOYSA-N,0.086426695303286,-0.095500403999736,,8.125,0
UMIPWJGWASORKV-UHFFFAOYSA-N,0.370713512846095,-0.039551463206365,,2.884,0
PFYPDUUXDADWKC-UHFFFAOYSA-N,0.080747662616574,-0.054615085999078,,6.972,Py
PIICEJLVQHRZGT-UHFFFAOYSA-N,0.370601996913968,-0.105556757912039,,8.727,N1
CVQUWLDCFXOXEN-UHFFFAOYSA-N,0.104652417167722,-0.091473077132683,,7.572,0
NUOGEPIJFRZXIN-UHFFFAOYSA-N,0.047601756124164,-0.07079317974878,,7.816,0
IWJMFKRJGSKMBW-UHFFFAOYSA-N,98.8768422888609,-0.028629640661986,,8.7,XX
SQCZQTSHSZLZIQ-UHFFFAOYSA-N,0.045643291859351,-0.030546642777152,,2.218,0
IWTFOFMTUOBLHG-UHFFFAOYSA-N,0.107286825158406,-0.05353093512533,,5.261,Py
LDLCZOVUSADOIV-UHFFFAOYSA-N,0.155793405857034,-0.064636498432313,,4.223,OH
RVAQSYWDOSHWGP-UHFFFAOYSA-N,0.112622287941747,-0.081589678319418,,7.268,PO
XTGOWLIKIQLYRG-UHFFFAOYSA-N,0.079360785136572,-0.026922234954052,,1.973,Py
ZRSNZINYAWTAHE-UHFFFAOYSA-N,0.06774623136158,-0.079972975053973,,5.506,0
LYGJENNIWJXYER-UHFFFAOYSA-N,0.119404890156145,-0.064780656625272,,3.662,NO2
JKOVQYWMFZTKMX-ONEGZZNKSA-N,0.173963865916553,-0.089144878632807,,6.328,NO2
PSXLJUKMMIHADB-UHFFFAOYSA-N,0.062263942555694,-0.080867681801173,,7.179,0
OAGOUCJGXNLJNL-UHFFFAOYSA-N,0.052958853751322,-0.077988523510376,,6.528,CN
JJWLVOIRVHMVIS-UHFFFAOYSA-N,0.067873886761852,-0.076257091892796,,7.994,N1
HXQHRUJXQJEGER-UHFFFAOYSA-N,0.117900998306865,-0.097945740406566,,6.644,Py
ZSSWXNPRLJLCDU-UHFFFAOYSA-N,0.03932825019526,-0.100819420169731,,10.08,PO
FYHIXFCITOCVKH-UHFFFAOYSA-N,0.091641939784395,-0.05990222570461,,5.995,0
VVBLNCFGVYUYGU-UHFFFAOYSA-N,5.11847682737997,-0.035632194763206,,7.35,XX
OISVCGZHLKNMSJ-UHFFFAOYSA-N,0.297576649392296,-0.037326566686858,,7.816,Py
YKOQQFDCCBKROY-UHFFFAOYSA-N,0.352626721643903,-0.072494858461562,,7.712,0
NBRKLOOSMBRFMH-UHFFFAOYSA-N,0.047605605345645,-0.032555082606034,,2.44,0
AUQDITHEDVOTCU-UHFFFAOYSA-N,0.144495087720025,-0.086563300764961,,5.35,CN
QKPVEISEHYYHRH-UHFFFAOYSA-N,0.087965577645975,-0.081010894118759,,4.666,CN
ZCQWOFVYLHDMMC-UHFFFAOYSA-N,0.103193587330338,-0.090810883831338,,5.768,Py
OLJVAWRLTPGYQL-DTJXOCLSSA-N,0.026831931627903,-0.061020967245511,,4.462,0
CPWSNJSGSXXVLD-CHIWXEEVSA-N,0.032251520663326,-0.052366182033172,,3.64,0
CTAPFRYPJLPFDF-UHFFFAOYSA-N,0.064232619528024,-0.065503304907361,,4.697,Py
CODXZFSZJFCVBE-UHFFFAOYSA-N,0.102649014233307,-0.079803155644266,,5.459,0
QSNSCYSYFYORTR-UHFFFAOYSA-N,0.082837517071324,-0.030712167243642,,4.104,0
ZMXDDKWLCZADIW-UHFFFAOYSA-N,0.066190531506087,-0.088298369414112,,7.728,0
WYACBZDAHNBPPB-UHFFFAOYSA-N,0.06337589958379,-0.06226847952977,,4.506,CO2
DCKVNWZUADLDEH-YFKPBYRVSA-N,0.074059643717059,-0.078212706681665,,5.639,CO2
HCJXEOFLVIFFDG-UHFFFAOYSA-N,0.302772032344439,-0.096427681594619,,8.283,0
MCSAJNNLRCFZED-UHFFFAOYSA-N,0.083502483247722,-0.066322810879152,,3.773,NO2
UQEAIHBTYFGYIE-UHFFFAOYSA-N,0.037695801214664,-0.038553847806245,,1.884,0
SNHMUERNLJLMHN-UHFFFAOYSA-N,34.7788995692997,-0.014960481579422,,1.5,mdd
DZBUGLKDJFMEHC-UHFFFAOYSA-N,0.046214363661688,-0.068619384335365,,7.394,Py
VIZNDSYPXQJMCM-UHFFFAOYSA-N,0.047058881523764,-0.055470961256644,,3.842,Py
ANGGPYSFTXVERY-UHFFFAOYSA-N,0.087747462064673,-0.026016735563211,,2.3,mdd
ZRLDBDZSLLGDOX-UHFFFAOYSA-N,0.321059593059093,-0.092492607286866,,7.55,Py
QANVSPFERJBPTO-UHFFFAOYSA-N,0.049733498360656,-0.090780963070612,,7.97,0
IMFACGCPASFAPR-UHFFFAOYSA-N,0.187844880558119,-0.049831670591072,,6.766,N3
CHSPMZWZNFDUDE-UHFFFAOYSA-N,0.226171968310336,-0.106412288517308,,9.505,SO
PWXRDOSRCIGJDM-UHFFFAOYSA-N,0.138979722850529,-0.051903819748471,,3.502,0
DSWNRHCOGVRDOE-ONEGZZNKSA-N,0.10020191349231,-0.108338285464228,,10.03,Py
PHWISQNXPLXQRU-UHFFFAOYSA-N,0.076454585528904,-0.051470004545578,,4.173,0
AKQWEDMTPCAESO-UHFFFAOYSA-N,0.211058193077026,-0.087873515648079,,6.639,0
YRKCREAYFQTBPV-UHFFFAOYSA-N,0.066295070658315,-0.066304120215127,,5.061,0
OZJPLYNZGCXSJM-UHFFFAOYSA-N,0.085763383496145,-0.091267831763318,,6.55,CO2
HXVNBWAKAOHACI-UHFFFAOYSA-N,1.35065883535468,-0.070784836599925,,5.461,0
ZQWPRMPSCMSAJU-UHFFFAOYSA-N,0.039041706938262,-0.072121686586648,,5.417,CO2
YXFVVABEGXRONW-UHFFFAOYSA-N,0.050825173995202,-0.029680677052916,,2.082,0
YHQMSHVVGOSZEW-UHFFFAOYSA-N,0.04556105767146,-0.082153394019001,,8.967,PO
WFCLYEAZTHWNEH-UHFFFAOYSA-N,0.082655124453273,-0.074896200711889,,4.388,CN
BLKXLEPPVDUHBY-UHFFFAOYSA-N,0.092866184869216,-0.092658124460153,,8.59,PO
GUVUOGQBMYCBQP-UHFFFAOYSA-N,0.07731813933334,-0.069846765103005,,9.261,0
JIRGTCBOQAJBHY-UHFFFAOYSA-N,0.059873452246514,-0.084280996208168,,6.95,0
CYNYIHKIEHGYOZ-UHFFFAOYSA-N,0.059978485595879,-0.027980442029643,,2.218,0
CLWIJUQLAFJNOF-UHFFFAOYSA-N,0.076236200917284,-0.062379578782004,,6.728,Py
QFHAGCRNENPASY-GQCTYLIASA-N,0.069396716371845,-0.090370928926582,,7.705,CN
UWKQJZCTQGMHKD-UHFFFAOYSA-N,0.815536226441665,-0.033148940814158,,1.862,0
VDFVNEFVBPFDSB-UHFFFAOYSA-N,0.14391178736072,-0.072937649108033,,4.462,0
RGWHHWWMFUXNAX-ICWSVDNISA-N,0.040311614702375,-0.059845326807356,,5.661,0
BNWQEHYYXTVKOF-UHFFFAOYSA-N,0.307234388910114,-0.086117371838947,,7.004,Py
ZZWJQCJQAXZVOM-UHFFFAOYSA-N,0.134922638602191,-0.070307932884665,,6.168,0
KMAQZIILEGKYQZ-UHFFFAOYSA-N,0.196799429991682,-0.059307813306264,,3.351,NO2
FZUGPQWGEGAKET-UHFFFAOYSA-N,0.213744300415343,-0.086454862993787,,6.283,CO2
RLVGHTRVYWUWSH-UHFFFAOYSA-N,0.056150458234045,-0.075075516937634,,7.728,0
HQABUPZFAYXKJW-UHFFFAOYSA-N,0.070951701553971,-0.076974781990154,,7.972,N1
VKYKSIONXSXAKP-UHFFFAOYSA-N,0.044483660629593,-0.067623257078102,,6.017,N3
MVUMJYQUKKUOHO-UHFFFAOYSA-N,-0.000850374516835,-0.021073692632623,,7.7,XX
FXHOOIRPVKKKFG-UHFFFAOYSA-N,0.049266016578635,-0.093387159806703,,8.483,0
YEEMHJNIVXNCSN-ALCCZGGFSA-N,0.288185672267048,-0.108691380061574,,8.039,CN
BIPUHAHGLJKIPK-UHFFFAOYSA-N,0.083137534513721,-0.077763437665833,,6.083,0
IRNRNPNZAKHEAW-UHFFFAOYSA-N,0.123245170805783,-0.053512162779603,,4.528,0
HPXRVTGHNJAIIH-UHFFFAOYSA-N,0.095918419761288,-0.073574108141651,,5.562,OH
AAADKYXUTOBAGS-OIBJUYFYSA-N,0.049679711274205,-0.054380230673733,,3.817,0
CQQUWTMMFMJEFE-UHFFFAOYSA-N,0.067864482269725,-0.069607367002423,,7.017,0
YVXHZKKCZYLQOP-UHFFFAOYSA-N,0.362657295350001,-0.039603474979112,,2.678,0
SMWDFEZZVXVKRB-UHFFFAOYSA-N,0.054019767337382,-0.072214111393445,,7.261,Py
NBBJYMSMWIIQGU-UHFFFAOYSA-N,0.050905636582983,-0.0736619396259,,4.635,0
RDOXTESZEPMUJZ-UHFFFAOYSA-N,0.121574855491394,-0.058869744919818,,3.295,0
YLQWCDOCJODRMT-UHFFFAOYSA-N,0.081456696666226,-0.075054498920682,,5.484,0
GPRYKVSEZCQIHD-UHFFFAOYSA-N,0.093864804155317,-0.081112567899753,,6.395,0
FTAHXMZRJCZXDL-UHFFFAOYSA-N,0.050557400902871,-0.080003041952127,,7.861,N2
PDLCCNYKIIUWHA-UHFFFAOYSA-N,0.219083712674378,-0.07572539678841,,5.75,0
SWFHGTMLYIBPPA-UHFFFAOYSA-N,0.070766105678411,-0.078544344155414,,5.884,0
BWHOZHOGCMHOBV-BQYQJAHWSA-N,0.157438323161264,-0.07820156778689,,6.128,0
NZZFYRREKKOMAT-UHFFFAOYSA-N,6.95224200907477,-0.012975014488454,,1.6,mdd
XULIXFLCVXWHRF-UHFFFAOYSA-N,0.041578080523236,-0.044178559074354,,5.839,N3
NAMYKGVDVNBCFQ-UHFFFAOYSA-N,0.113146480754976,-0.028776987247948,,2.395,0
URLKBWYHVLBVBO-UHFFFAOYSA-N,0.034813747161678,-0.03098162075392,,2.458,0
VFTFKUDGYRBSAL-UHFFFAOYSA-N,0.050397007025636,-0.067368278054648,,5.55,XX
FKRCODPIKNYEAC-UHFFFAOYSA-N,0.052431414551578,-0.064519677001876,,5.461,CO2
IOJUPLGTWVMSFF-UHFFFAOYSA-N,0.055607082792275,-0.062479648640686,,6.056,Py
PFEGFUCYOHBDJF-UHFFFAOYSA-N,0.218013467166976,-0.079784023665427,,5.3,mdd
WNXJIVFYUVYPPR-UHFFFAOYSA-N,0.061673541164712,-0.068065757656491,,4.062,0
BEUGBYXJXMVRFO-UHFFFAOYSA-N,0.137883994511945,-0.088530306595171,,6.972,0
XTHFKEDIFFGKHM-UHFFFAOYSA-N,0.031478874034056,-0.056593334597281,,5.328,0
JWVNPUBYKCSIKR-UHFFFAOYSA-N,0.095583983112718,-0.093005948481899,,7.239,Py
BHTSNYQWLQLLOD-WUQLGEGHSA-N,0.057151353626022,-0.070216831493323,,5.461,0
QGZKDVFQNNGYKY-UHFFFAOYSA-N,0.124396244743273,-0.061576036989893,,6.794,0
JQVDAXLFBXTEQA-UHFFFAOYSA-N,0.180137900875879,-0.083623505681164,,7.931,N2
AOPDRZXCEAKHHW-UHFFFAOYSA-N,0.047119314085842,-0.073618741975912,,5.356,0
APLHDUWNMGJBFD-UHFFFAOYSA-N,0.210721194611738,-0.064722771531148,,6.617,0
FRGXNJWEDDQLFH-UHFFFAOYSA-N,0.040522633663684,-0.082246465835356,,7.416,Py
VFWCMGCRMGJXDK-UHFFFAOYSA-N,0.372061858575591,-0.029812200400919,,2.151,0
OUMGIYIBWRLOAF-UHFFFAOYSA-N,0.137441831789868,-0.06997965177675,,6.172,Py
QRPMWVNREKTPOV-UHFFFAOYSA-N,0.071020927983405,-0.05334431348321,,4.769,Py
BMVXCPBXGZKUPN-UHFFFAOYSA-N,0.079001324178591,-0.076564321634406,,7.725,N1
BSKHPKMHTQYZBB-UHFFFAOYSA-N,16.3455927232379,-0.098186859536934,,7.57,XX
XNLICIUVMPYHGG-UHFFFAOYSA-N,0.075485703156471,-0.079392127110898,,5.661,0
NZNMSOFKMUBTKW-UHFFFAOYSA-N,2.63100541557274,-0.074582378779772,,5.4,mdd
LFSXCDWNBUNEEM-UHFFFAOYSA-N,0.055928397545982,-0.079896587602889,,7.439,Py
SHOJXDKTYKFBRD-UHFFFAOYSA-N,0.080786559542114,-0.087792216281253,,5.761,0
OZKOMUDCMCEDTM-UHFFFAOYSA-N,0.084659214755821,-0.071386247484099,,7.217,Py
UIHCLUNTQKBZGK-UHFFFAOYSA-N,48.904248220686,-0.00293477000297,,5.8,XX
OSWPMRLSEDHDFF-UHFFFAOYSA-N,0.149862259010769,-0.05119507261003,,3.773,OH
KZTYYGOKRVBIMI-UHFFFAOYSA-N,0.050735163355556,-0.075044396861527,,5.75,SO
MXHTZQSKTCCMFG-UHFFFAOYSA-N,10.1065935604274,-0.026394160020352,,3.79,XX
HLDBHWJNZHGZMV-LLVKDONJSA-N,0.08678671135368,-0.080603674654636,,7.622,SO
FDDDTDSPQXLQFY-UHFFFAOYSA-N,0.186774615744984,-0.066561399422174,,7.24,0
DULCUDSUACXJJC-UHFFFAOYSA-N,0.210706233234017,-0.074684352678666,,5.395,CO2
BHAAPTBBJKJZER-UHFFFAOYSA-N,0.094944565142475,-0.063594860521903,,5.297,N1
UUWJBXKHMMQDED-UHFFFAOYSA-N,0.149113296525952,-0.052668941803512,,4.884,0
JNELGWHKGNBSMD-UHFFFAOYSA-N,0.050753553779396,-0.072359770146438,,6.083,0
JLGPMOJYECOCEP-UHFFFAOYSA-N,0.152833369150351,-0.064447236735017,,4.573,SO
WPGHPGAUFIJVJF-UHFFFAOYSA-N,0.117623342465935,-0.036666212782979,,4.95,Py
ZAFNJMIOTHYJRJ-UHFFFAOYSA-N,23.3961766590016,-0.020585287553862,,5.53,XX
BUZYGTVTZYSBCU-UHFFFAOYSA-N,0.063553671682991,-0.054357253690286,,5.128,0
LSBIUXKNVUBKRI-UHFFFAOYSA-N,0.206590617028954,-0.09325796004803,,6.328,Py
AAAXMNYUNVCMCJ-UHFFFAOYSA-N,0.056519355403239,-0.016428290435535,,1.9,mdd
DSSYKIVIOFKYAU-XCBNKYQSSA-N,0.073269778544272,-0.080888142952182,,5.972,0
CZGCEKJOLUNIFY-UHFFFAOYSA-N,0.067634474940659,-0.053904990794967,,3.551,NO2
MNZAKDODWSQONA-UHFFFAOYSA-N,4.30710764069915,-0.012737217780384,,10.2,XX
NOLVABYTFMDREN-ZETCQYMHSA-N,0.068920333414415,-0.05782293835745,,7.439,N3
VQHPRVYDKRESCL-CHIWXEEVSA-N,0.041594326091739,-0.033096787054753,,2.684,0
BGTOWKSIORTVQH-UHFFFAOYSA-N,0.083079858027633,-0.080299934233651,,5.884,0
JECUZQLBQKNEMW-UHFFFAOYSA-N,0.067539390423139,-0.0628862062506,,5.75,0
PCNDJXKNXGMECE-UHFFFAOYSA-N,0.048610292504771,-0.060525667148273,,5.995,Py
