,Experiment,NWChem,AIMNET,ATX,ATXclean,MOMOL_AM1,MOMOL_MNDOD,MOMOL_MNDO,MOMOL_PM3,MOMOL_PM6,MOMOL_PM7,MPC_AM1,MPC_MNDOD,MPC_MNDO,MPC_PM3,MPC_PM6,MPC_PM7,w06-2x+def2-TZVPP
ADBSTNAYQBHUDD-UHFFFAOYSA-N,3.6,0.092453,0.163376400,0.075522298,0.075522298,0.086250120,0.074364536,0.060147160,0.082032226,0.130795500,0.124537766,0.040169980,,0.034824810,0.041352460,,,0.095173000
AFBPFSWMIHJQDM-UHFFFAOYSA-N,2.1,0.069179,0.118866590,0.058508835,0.058508835,0.059864976,0.029023997,0.033953927,0.036378030,0.071668530,0.082026970,0.026986330,0.019407740,0.021242580,0.020638160,0.030112310,0.033409810,0.072803000
AMCTWDASUQVRCQ-UHFFFAOYSA-N,4.4,0.109772,0.199654950,0.097096280,0.097096280,0.116564750,0.123634130,0.127687070,0.097323580,0.152831400,0.157244490,0.035672230,,0.047715750,0.035934080,,,0.113492000
ARCZSDSOONGBRX-UHFFFAOYSA-N,3.8,0.094153,0.161716150,0.077219931,0.077219931,0.113430710,0.102866110,0.102871190,0.165742470,0.123924550,0.131658330,0.045881370,0.045493370,0.045495360,0.050912250,0.043823370,0.045350250,0.101928000
ASHGTJPOSUFTGB-UHFFFAOYSA-N,3.8,0.098741,0.162664490,0.091681370,0.091681370,0.081136174,0.070024300,0.069956094,0.074346800,0.110853600,0.114572436,0.030688520,0.030901070,0.030905310,0.028511750,0.036688630,0.036989960,0.102522000
ASSKVPFEZFQQNQ-UHFFFAOYSA-N,4.4,0.102019,0.167276050,0.077940057,0.077940057,0.116640985,0.091190320,0.091198550,0.090274260,0.126786200,0.131203980,0.042729750,0.038043790,0.038023430,0.036160080,0.044488140,0.044544240,0.109388000
ATHHXGZTWNVVOU-UHFFFAOYSA-N,2.9,0.086817,0.161553770,0.078434842,0.078434842,0.095620750,0.074520370,0.074615530,0.088868484,0.115330770,0.118484790,0.040358030,0.037746810,0.037767760,0.039700390,0.042949130,0.042552420,0.092560000
BACKYMNXXFPCRL-UHFFFAOYSA-N,3.8,0.096191,0.160019030,0.076104468,0.076104468,0.086643880,0.077633610,0.060963620,0.084773370,0.130848210,0.123612580,0.038932520,,0.031853460,0.042228360,,,0.098699000
BAYGVMXZJBFEMB-UHFFFAOYSA-N,4.3,0.11466,0.198072910,0.102169265,0.102169265,0.111378275,0.102279216,0.102318020,0.101209340,0.148825260,0.151348200,0.048245350,0.049089480,0.049079210,0.045228650,0.052563540,0.051872050,0.117476000
BCQZXOMGPXTTIC-PVQJCKRUSA-N,,0.067696,,0.065853004,0.065853004,0.090997550,0.090968820,0.103825070,0.070093420,0.130992220,0.121066140,0.024377570,,0.028876450,0.026946020,,,0.072950000
BDERNNFJNOPAEC-UHFFFAOYSA-N,2.6,0.082798,0.145700600,0.079851966,0.079851966,0.054736390,0.053489864,0.053490594,0.055621713,0.079674214,0.084641755,0.020247760,0.025241300,0.025244200,0.020536390,0.024185100,0.024088090,0.086488000
BKZXZGWHTRCFPX-UHFFFAOYSA-N,2.9,0.080319,0.148219570,0.085252331,0.085252331,0.064257940,0.059735667,0.059767990,0.066925810,0.094445765,0.094037280,0.025529470,0.028251340,0.028333350,0.020322200,0.032423750,0.032036060,0.083492000
BPRYUXCVCCNUFE-UHFFFAOYSA-N,3,0.092731,0.158985970,0.088286415,0.088286415,0.073344060,0.069807630,0.069720860,0.070455460,0.096044764,0.102277400,0.023921810,0.030431210,0.030428430,0.028885790,0.033048270,0.033584580,0.093149000
BTANRVKWQNVYAZ-SCSAIBSYSA-N,,0.079029,0.136368400,0.077816242,0.077816242,0.045455270,0.050743755,0.050743070,0.048677444,0.069870440,0.073161950,0.018599480,0.024393410,0.024395510,0.019852340,0.024035500,0.024431540,0.080183000
BTJIUGUIPKRLHP-UHFFFAOYSA-N,4.7,0.124423,0.210317080,0.113571037,0.113571037,0.126873100,0.113975406,0.113947170,0.124295056,0.165060640,0.164675650,0.054810400,0.054122790,0.054124680,0.050681870,0.060326240,0.058182870,0.126215000
BYEAHWXPCBROCE-UHFFFAOYSA-N,4.5,0.109631,0.189850300,0.098751969,0.098751969,0.130752530,0.148553210,0.148566170,0.121295236,0.163376150,0.175389380,0.042960080,0.073515290,0.073416700,0.046165590,0.047465850,0.048337600,0.119515000
CHZCERSEMVWNHL-UHFFFAOYSA-N,4.4,0.119772,0.214025200,0.103883640,0.103883640,0.103053110,0.088460535,0.088474020,0.096936820,0.144069820,0.148032220,0.047112930,0.044084170,0.044087680,0.045909790,0.053578020,0.052625010,0.122251000
CRBJBYGJVIBWIY-UHFFFAOYSA-N,3.6,0.091441,0.159081680,0.092631612,0.092631612,0.071548640,0.062118173,0.062142126,0.072286340,0.112553510,0.113686040,0.025677940,0.027831020,0.027895870,0.022443760,0.031430540,0.032705830,0.093203000
CSDUKRUFTFEFBO-PGNZUDIJSA-N,,0.084129,0.143210260,0.078835432,0.078835432,0.053261314,0.051812370,0.051959004,0.053878915,0.080021046,0.083034890,0.053002650,0.026909610,0.026777260,0.233253200,0.019754670,0.021611530,
CUYKNJBYIJFRCU-UHFFFAOYSA-N,2.8,0.083836,0.144249140,0.070920578,0.070920578,0.091193720,0.046732366,0.046669904,0.048920315,0.094237120,0.114167884,0.035316940,0.026923920,0.026811800,0.029746460,0.037733780,0.042163220,0.081825000
CVNOWLNNPYYEOH-UHFFFAOYSA-N,4.6,0.121601,0.206531400,0.107893609,0.107893609,0.106652080,0.092085585,0.092100486,0.099461390,0.147199970,0.152114970,0.041163930,0.045433210,0.045434200,0.038976660,0.050824810,0.050982360,0.123165000
CYCKHTAVNBPQDB-UHFFFAOYSA-N,4.3,0.093646,0.164066230,0.075461719,0.075461719,0.085896640,0.075866040,0.054504618,0.078833700,0.116857070,0.110691120,0.031577140,,0.023685970,0.030777670,,,0.096207000
CYWUZSYXTCCCRG-UHFFFAOYSA-N,2.8,0.08016,0.146086920,0.068180916,0.068180916,0.080083060,0.061674643,0.061341684,0.056518327,0.096387340,0.103595390,0.032129210,0.031268930,0.031429050,0.024173310,0.039427480,0.038144150,
DEHSPEZTBSYMPL-UHFFFAOYSA-N,,0.057491,,0.047222085,0.047222085,0.140875830,0.076278550,0.070957040,0.159051910,0.079848340,0.063388830,0.032745420,,0.031021310,0.035318460,,,
DETZZVPMDQPJIC-UHFFFAOYSA-N,1.8,0.059456,,0.051146742,0.051146742,0.207217340,0.072833960,0.072588080,0.129438550,0.085715080,0.083802720,0.038603650,,0.030631090,0.037150480,,,
DIBFBUQGVMZWTM-UHFFFAOYSA-N,4.3,0.119005,0.215289610,0.095999972,0.095999972,0.161270070,0.149840060,0.149806870,0.147244690,0.177818330,0.188694630,0.061787150,0.066501750,0.066516510,0.070342150,0.065329050,0.067689060,0.128999000
DIKBFYAXUHHXCS-UHFFFAOYSA-N,2.1,0.066645,,0.066212930,0.066212930,0.049615650,0.040920560,0.053027883,0.057608150,0.117946240,0.092333750,0.017721280,,0.013268600,0.020583180,,,0.068136000
DKGAVHZHDRPRBM-UHFFFAOYSA-N,2.7,0.078788,0.135638270,0.078099913,0.078099913,0.044649266,0.045566007,0.045541400,0.048868790,0.071336670,0.074548800,0.020202750,0.024460420,0.024462110,0.019476880,0.022940800,0.023013330,0.081170000
DMBHHRLKUKUOEG-UHFFFAOYSA-N,2.7,0.078244,0.135473890,0.064567228,0.064567228,0.074216720,0.030876614,0.031040614,0.041971967,0.094843430,0.102927190,0.032542420,0.020515670,0.020723030,0.023035260,0.038785300,0.041154030,0.081477000
DNJIEGIFACGWOD-UHFFFAOYSA-N,1.4,0.037196,0.064384260,0.037699198,0.037699198,0.026265710,0.015761612,0.014473259,0.021805035,0.068624290,0.058892466,0.011593450,,0.007511284,0.013603510,,,0.042587000
DOYODMYEMDHHCE-UHFFFAOYSA-N,,0.055655,,0.050183986,0.050183986,0.126386180,0.066525260,0.064376920,0.102978820,0.065673770,0.064731985,0.032517760,,0.028385310,0.036147480,,,
DPJCXCZTLWNFOH-UHFFFAOYSA-N,2.9,0.091719,0.160167440,0.078165937,0.078165937,0.121381780,0.074638480,0.073374580,0.119382040,0.135317640,0.141658510,0.046879280,0.036865870,0.037152500,0.033834730,0.052912510,0.052358410,0.095589000
DPOZWTRVXPUOQW-UHFFFAOYSA-N,1.9,0.058343,,0.056676078,0.056676078,0.076642860,0.084051680,0.089074060,0.074315520,0.119704380,0.110356160,0.021711050,,0.023798300,0.023519960,,,0.062589000
DTQVDTLACAAQTR-UHFFFAOYSA-N,5.3,0.123641,0.208923970,0.103519441,0.103519441,0.120430216,0.117405830,0.117427570,0.109340120,0.156553850,0.163752100,0.038449400,0.046197480,0.046198390,0.037766580,0.045329130,0.046618400,0.133480000
DXYPGMZJNUIZMU-UHFFFAOYSA-N,2.2,0.073476,0.123785500,0.074251411,0.074251411,0.037710708,0.046378825,0.046421688,0.045907240,0.062098898,0.062231460,0.016813550,0.020816030,0.020804560,0.020936210,0.022150030,0.020396640,
FCLOSAGZCUDMFV-UHFFFAOYSA-N,3.7,0.088745,0.153462260,0.071385684,0.071385684,0.103235770,0.088247480,0.088043100,0.158039720,0.116999980,0.124726660,0.037831110,0.043164630,0.043157760,0.048148760,0.040711780,0.041692520,0.095490000
FDDDTDSPQXLQFY-UHFFFAOYSA-N,3.3,0.076405,0.130332080,0.057830687,0.057830687,0.076864175,0.075834350,0.066150790,0.069163770,0.103252740,0.106084320,0.029784750,,0.025300530,0.027896540,,,0.078477000
FDQQNNZKEJIHMS-UHFFFAOYSA-N,3.6,0.096828,0.163500950,0.089999257,0.089999257,0.075584725,0.068457840,0.068458300,0.070200816,0.104236170,0.108140860,0.028859940,0.031854460,0.031855690,0.026769090,0.033209200,0.033140060,0.098868000
FLFWJIBUZQARMD-UHFFFAOYSA-N,4.6,0.106332,0.176445710,0.079384142,,0.113984330,0.094849560,0.088727360,0.102451816,0.141979170,0.141723810,0.041275680,,0.037170510,0.041858920,,,0.110964000
FMVJYQGSRWVMQV-UHFFFAOYSA-N,2.3,0.069756,0.113762130,0.063600721,0.063600721,0.123216495,0.098466195,0.098436830,0.104666490,0.109827750,0.108003450,0.046564280,0.039192270,0.039194140,0.045250890,0.042234590,0.041077030,0.077517000
FMWLUWPQPKEARP-UHFFFAOYSA-N,1.9,0.067547,,0.069541090,0.069541090,0.076253235,0.067121260,0.083207830,0.048223770,0.121108200,0.104720816,0.020185780,,0.020660960,0.018768690,,,0.068259000
FOCAUTSVDIKZOP-UHFFFAOYSA-N,4.4,0.109929,0.191007230,0.094439398,0.094439398,0.096495450,0.089319885,0.099081900,0.074889780,0.119221790,0.124097260,0.024503550,,0.029902240,0.022713380,,,0.116116000
FORKADXOPFAOHL-UHFFFAOYSA-N,4.3,0.096565,0.168869900,0.077211346,0.077211346,0.089181350,0.078044444,0.062515140,0.088195920,0.135954990,0.128167350,0.035776080,,0.030896100,0.035914550,,,0.099110000
FPTMVKXIMZNRJX-UHFFFAOYSA-N,4.5,0.103171,0.186495270,0.078116537,0.078116537,0.103910610,0.094309060,0.086023934,0.097072580,0.127553640,0.133090020,0.040532660,,0.040235870,0.048121690,,,0.107952000
FQAMAOOEZDRHHB-UHFFFAOYSA-N,2.2,0.067548,0.142347250,0.066331488,0.066331488,0.101613510,0.104568390,0.118236940,0.058787580,0.132778880,0.126202670,0.023543110,,0.029676920,0.022761750,,,0.070651000
FQDXJYBXPOMIBX-UHFFFAOYSA-N,4,0.106037,0.184437270,0.094005928,0.094005928,0.114065480,0.131926120,0.131924080,0.107162300,0.148547770,0.157364160,0.041889240,0.058277930,0.058279640,0.043009980,0.044515400,0.045491780,0.115034000
FUZZWVXGSFPDMH-UHFFFAOYSA-N,3.3,0.09555,0.166192070,0.086980528,0.086980528,0.068515435,0.064637180,0.064741120,0.065818360,0.099423130,0.104973270,0.020713120,0.025047520,0.025052970,0.020115150,0.026366790,0.027224280,0.102606000
FVLAYJRLBLHIPV-UHFFFAOYSA-N,2.9,0.090846,0.155347680,0.076605850,0.076605850,0.099704176,0.052815580,0.052930377,0.057451636,0.106665370,0.128339110,0.040834530,0.032440220,0.032443830,0.034858840,0.046052510,0.047850050,0.094830000
FZERHIULMFGESH-UHFFFAOYSA-N,3.3,0.090389,0.172105160,0.078605147,0.078605147,0.104934655,0.077324110,0.077323980,0.078853846,0.122280106,0.130003690,0.043247510,0.037472050,0.037423340,0.035608460,0.049023990,0.051007820,0.095753000
GAZZTEJDUGESGQ-UHFFFAOYSA-N,2.1,0.070539,0.097130270,0.059826852,0.059826852,0.120553490,0.096469864,0.096412900,0.131217780,0.104942374,0.100776690,0.047654670,0.040574860,0.040555720,0.047833290,0.042305210,0.040462600,0.077330000
GBNHEBQXJVDXSW-UHFFFAOYSA-N,4.7,0.122498,0.211562700,0.108101087,0.108101087,0.110489145,0.098903260,0.108489975,0.084899820,0.154927580,0.160065160,0.037828660,,0.043126450,0.031841310,,,0.122672000
GGDYAKVUZMZKRV-UHFFFAOYSA-N,3,0.094905,0.162722530,0.086601119,0.086601119,0.072649375,0.069551470,0.069552100,0.070617260,0.100748700,0.106692284,0.026116890,0.031909630,0.031911390,0.026672970,0.030786240,0.030968460,0.098820000
GMQVFHZSXKJCIV-UHFFFAOYSA-N,4.3,0.105275,0.194273680,0.081586377,0.081586377,0.142446220,0.126665350,0.127689120,0.132377860,0.162685330,0.175186200,0.044714970,0.050636120,0.051978830,0.050018360,0.047690100,0.050675810,0.115549000
GRHBQAYDJPGGLF-UHFFFAOYSA-N,,0.108255,0.151411880,0.073588698,0.073588698,0.099729420,0.072872920,0.073981200,0.085984040,0.172237400,0.174087270,0.039982740,,0.035479190,0.040280280,,,0.116662000
GXELTROTKVKZBQ-UHFFFAOYSA-N,3.2,0.078487,0.116921920,0.117688414,,0.052741480,0.040147904,0.039954630,0.044612270,0.069607200,0.067782400,0.021485740,0.015059550,0.015046220,0.024071720,0.025477530,0.025823210,
GYHSJCJMDZRRJG-UHFFFAOYSA-N,1.9,0.057916,,0.043271523,0.043271523,0.120128560,0.074071670,0.065449390,0.143578160,0.088934496,0.064671780,0.036011600,,0.028236230,0.035797480,,,
GZFGOTFRPZRKDS-UHFFFAOYSA-N,4.1,0.111695,,0.100973199,0.100973199,0.092634840,0.080430545,0.081261700,0.085893790,0.134987320,0.136779840,0.034967450,,0.035344200,0.031162070,,,0.113287000
HAPOVYFOVVWLRS-SSDOTTSWSA-N,,0.085517,0.148105260,0.066186363,0.066186363,0.074755450,0.062081620,0.062261708,0.062048502,0.096259730,0.095868714,0.023703800,0.024452580,0.024522490,0.026485200,0.030285310,0.028822610,0.094045000
HDJGQEDLEYXGCN-UHFFFAOYSA-N,,0.093119,0.149779560,0.077792364,0.077792364,0.090211830,0.080614544,0.088329800,0.084048480,0.101950140,0.110822530,0.034711440,0.035747240,0.038333320,0.036847970,0.037295360,0.039346000,
HDWKOGROOOQOOX-UHFFFAOYSA-N,,0.060288,,0.053074371,,0.173770310,0.085525080,0.075058380,0.107250960,0.079327956,0.067220810,0.039625960,,0.031612090,0.039679420,,,
HEDRZPFGACZZDS-UHFFFAOYSA-N,2.2,0.068105,0.125881820,0.071337513,0.071337513,0.089331254,0.078892350,0.095590160,0.040551133,0.123551740,0.112695195,0.021518650,,0.024282890,0.017263760,,,0.068135000
HEXCXGXJELSYJW-UHFFFAOYSA-N,3.2,0.084809,0.171143600,0.069929703,,0.170984970,0.135736030,0.112296720,0.149251680,0.155966950,0.162075760,0.034660290,,0.036844200,0.032667120,,,
HGMZSFCASNYDHK-UHFFFAOYSA-N,,0.100628,,,,,,,,,,,,,,,,0.107921000
HMNKTRSOROOSPP-UHFFFAOYSA-N,3.6,0.099394,0.174110700,0.093989483,0.093989483,0.078739530,0.067704160,0.067705850,0.072677370,0.110339730,0.114030450,0.029795040,0.031118160,0.031121420,0.027574170,0.036717910,0.036509360,0.102186000
HOLHYSJJBXSLMV-UHFFFAOYSA-N,2.7,0.091925,0.167309450,0.086054329,0.086054329,0.078979150,0.074537320,0.073202595,0.075469494,0.113156940,0.115585400,0.025241000,,0.026167920,0.023354740,,,0.095031000
HORNXRXVQWOLPJ-UHFFFAOYSA-N,4.2,0.110081,0.187286390,0.100088146,0.100088146,0.091808720,0.079728920,0.082276486,0.079558300,0.130233820,0.133421240,0.037659560,,0.037434930,0.033607100,,,0.111856000
HPXRVTGHNJAIIH-UHFFFAOYSA-N,2.6,0.079876,0.140026960,0.078881429,0.078881429,0.050236434,0.049999755,0.049959723,0.051536590,0.074514030,0.079556230,0.019561360,0.024444420,0.024444040,0.019600500,0.023395310,0.023143030,0.082394000
HSQXKKSEAOWACG-GEHXZAHHSA-N,,0.083662,0.142789510,0.081532482,0.081532482,0.070732936,0.062413275,0.062456086,0.059989724,0.086125360,0.084338240,0.022394540,0.023811510,0.023678020,0.027697420,0.027107650,0.026852750,
HUVAAOZUPLEYBH-UHFFFAOYSA-N,3.4,0.083605,0.143339190,0.069763622,0.069763622,0.108901510,0.098391265,0.098385274,0.092397410,0.110956140,0.121513380,0.040038550,0.038892430,0.038894970,0.041290480,0.038682040,0.041382520,0.088089000
HXDOZKJGKXYMEW-UHFFFAOYSA-N,3.6,0.099257,0.175004450,0.093259141,0.093259141,0.078761140,0.069996390,0.070027770,0.072642155,0.109236060,0.113041570,0.033200190,0.033380500,0.033383120,0.030780600,0.036341080,0.035955870,0.102228000
HXRJCRXYCLFNPC-UHFFFAOYSA-N,1.9,0.058878,,0.051744902,0.051744902,0.171500800,0.071641860,0.070394814,0.151852160,0.063300880,0.057133080,0.039887580,,0.031667070,0.036764520,,,
ICKWICRCANNIBI-UHFFFAOYSA-N,3.6,0.10042,0.178169490,0.090323980,0.090323980,0.077027630,0.070502030,0.070548914,0.072445616,0.104738290,0.108706680,0.032630840,0.034267260,0.034290410,0.030532300,0.036638460,0.036392800,0.103022000
ICSNLGPSRYBMBD-UHFFFAOYSA-N,2.7,0.081035,0.140402260,0.068464767,0.068464767,0.078244660,0.049272798,0.049304202,0.057120720,0.105270326,0.114500970,0.030995430,0.023471350,0.023523710,0.029054700,0.038512300,0.040179550,0.085181000
IDSKMUOSMAUASS-XIXRPRMCSA-N,,0.056259,0.112012950,0.054231794,0.054231794,0.088642836,0.090165720,0.100626126,0.055356406,0.108702160,0.110928560,0.022470170,,0.027708390,0.021492180,,,0.061845000
IKEHOXWJQXIQAG-UHFFFAOYSA-N,3.7,0.100866,0.175550540,0.090407943,0.090407943,0.077926050,0.070735350,0.070893450,0.072847880,0.106078370,0.109932540,0.033208760,0.034359440,0.034351880,0.031303300,0.036329670,0.036071100,0.103164000
ISPYQTSUDJAMAB-UHFFFAOYSA-N,4,0.084634,0.156234430,0.084366712,0.084366712,0.070737840,0.064655140,0.062044494,0.070979470,0.101935990,0.104039095,0.021968380,,0.022368980,0.020372210,,,0.087796000
ISWSIDIOOBJBQZ-UHFFFAOYSA-N,3.8,0.10199,0.178265360,0.094952788,0.094952788,0.081744980,0.068799510,0.068765160,0.074960895,0.115568340,0.118657894,0.034351270,0.033303150,0.033304800,0.031933510,0.039603400,0.039047800,0.105047000
IUGYQRQAERSCNH-UHFFFAOYSA-N,3.5,0.095872,0.163460550,0.088778919,0.088778919,0.065702600,0.063163100,0.063174460,0.063075510,0.091266215,0.098675680,0.019698850,0.024152900,0.024158450,0.019133450,0.024000580,0.025496020,0.102902000
IWDCLRJOBJJRNH-UHFFFAOYSA-N,3.7,0.099669,0.175303280,0.092814900,0.092814900,0.079720706,0.070073600,0.070040090,0.073596925,0.110723495,0.114974920,0.033664380,0.033598690,0.033600830,0.031452420,0.037139210,0.036938130,0.102738000
IZUPBVBPLAPZRR-UHFFFAOYSA-N,3.6,0.104576,0.196944030,0.097019411,0.097019411,0.101287395,0.096470800,0.103286296,0.081006870,0.142701920,0.146454890,0.029581930,,0.034774830,0.024644620,,,0.106712000
IZXIZTKNFFYFOF-UHFFFAOYSA-N,,0.083747,0.139730160,0.064658317,0.064658317,0.098818250,0.086948270,0.090598440,0.071334500,0.111941040,0.110781520,0.036357400,0.034367970,0.032823380,0.034201560,0.036338930,0.036681510,0.089114000
JBIJLHTVPXGSAM-UHFFFAOYSA-N,2.8,0.079226,0.127448370,0.067768256,0.067768256,0.072597116,0.042087660,0.042085490,0.044570636,0.088166950,0.101468995,0.031618130,0.022899940,0.022899790,0.026234930,0.035429330,0.039121700,0.082889000
JITPLZPWKYUTDM-UHFFFAOYSA-N,2.1,0.069961,0.113757886,0.062853004,0.062853004,0.111021450,0.084594020,0.084636900,0.096173050,0.100841224,0.099193460,0.042790180,0.035081900,0.035084310,0.042753200,0.039442140,0.038253420,0.077834000
JPGQOUSTVILISH-SFOWXEAESA-N,,0.060296,0.113705210,0.062855527,0.062855527,0.125033530,0.124251984,0.125259670,0.099956214,0.145138730,0.156079640,0.033185430,,0.040401710,0.035079320,,,0.069117000
JTPZTKBRUCILQD-UHFFFAOYSA-N,3.2,0.070319,0.111795890,0.055167348,0.055167348,0.074230075,0.069183790,0.073520100,0.051952176,0.085758835,0.091240340,0.028601290,0.026242490,0.026107680,0.027677810,0.028500790,0.029525600,0.075424000
JWAZRIHNYRIHIV-UHFFFAOYSA-N,3.9,0.103404,0.176557660,0.094039716,0.094039716,0.083718150,0.070350750,0.070351556,0.077439570,0.116379040,0.120946900,0.034802540,0.033244440,0.033246440,0.032045780,0.038768120,0.038713640,0.105304000
JXTHNDFMNIQAHM-UHFFFAOYSA-N,5,0.119456,0.201298880,0.098870258,0.098870258,0.094445330,0.088981350,0.093240250,0.080826680,0.132433970,0.136879890,0.027560120,,0.033499400,0.025036780,,,0.123226000
KAESVJOAVNADME-UHFFFAOYSA-N,3,0.087421,0.147372500,0.075042772,0.075042772,0.102763890,0.081508240,0.081557110,0.090164280,0.113056436,0.120593086,0.039538980,0.034068220,0.034070700,0.033404350,0.043107450,0.045658420,0.093945000
KFTODZKBBUMDQB-PVQJCKRUSA-N,,0.063589,,0.063508049,0.063508049,0.116674530,0.123104320,0.131548900,0.080718495,0.139933700,0.141857640,0.029135120,,0.035427000,0.028633990,,,0.070241000
KFZMGEQAYNKOFK-UHFFFAOYSA-N,2.7,0.080843,0.140220330,0.079676402,0.079676402,0.049613520,0.048908260,0.048950860,0.052324100,0.073900150,0.078232415,0.020508440,0.024366510,0.024366510,0.020154270,0.023664930,0.023651610,0.083706000
KJCVRFUGPWSIIH-UHFFFAOYSA-N,3.8,0.104365,0.185326830,0.093247176,0.093247176,0.085430376,0.071605200,0.071572065,0.079218306,0.118276840,0.122972730,0.034073620,0.033680290,0.033681320,0.033660870,0.039400050,0.039219460,0.107698000
KJRCEJOSASVSRA-UHFFFAOYSA-N,1.4,0.036286,0.060333863,0.037740709,0.037740709,0.025247768,0.016380161,0.014865244,0.021667600,0.064314140,0.053774305,0.013039950,,0.006757171,0.012844610,,,0.041868000
KKHBRTFQIYIHEI-UHFFFAOYSA-N,4.3,0.094546,0.165986980,0.071829769,0.071829769,0.086424760,0.075683480,0.065409020,0.085344520,0.124831990,0.119512570,0.035974720,,0.034313260,0.040337950,,,0.097035000
KLSLBUSXWBJMEC-UHFFFAOYSA-N,3.6,0.099617,0.175387050,0.093448509,0.093448509,0.079268680,0.069884680,0.069913350,0.073136820,0.109797270,0.114523515,0.029263340,0.033549290,0.033561490,0.026912110,0.035890810,0.035694420,0.101646000
KMUZWGCQPPCIKM-UHFFFAOYSA-N,,0.057074,,0.051266631,0.051266631,0.181102370,0.071907856,0.090583150,0.189031120,0.094304524,0.118709790,0.037767110,,0.036238260,0.039789170,,,0.064995000
KPLPKFHCOXVGLK-UHFFFAOYSA-N,,0.060108,,0.052168739,0.052168739,0.226214860,0.088579740,0.079429840,0.083109650,0.111628220,0.081451570,0.047488160,,0.033536340,0.038233370,,,
KPSSIOMAKSHJJG-UHFFFAOYSA-N,2.7,0.085599,0.144990090,0.079972499,0.079972499,0.054567800,0.054629073,0.054706246,0.055947915,0.075322780,0.080999285,0.020165340,0.025243320,0.025248050,0.020340490,0.023522610,0.023893610,0.088182000
KPWDGTGXUYRARH-UHFFFAOYSA-N,3.6,0.094616,0.163222980,0.088836107,0.088836107,0.086088530,0.086769370,0.090227550,0.058535386,0.119435970,0.113813040,0.022085540,,0.033210470,0.018141290,,,0.094476000
KUAYZLXOOIEGDN-UHFFFAOYSA-N,4.2,0.113182,0.203648870,0.095211022,0.095211022,0.144877460,0.108151750,0.111572580,0.117828400,0.163469170,0.172290710,0.059322190,,0.050056820,0.051248950,,,0.116308000
KUFFULVDNCHOFZ-UHFFFAOYSA-N,3.5,0.093195,0.161296810,0.089461022,0.089461022,0.075546026,0.069023920,0.068984120,0.071461690,0.103474040,0.108204210,0.029150540,0.030064340,0.030066900,0.028805500,0.035394570,0.035772880,0.093972000
KWRGMBARTDLYSH-UHFFFAOYSA-N,,0.069581,0.132657950,0.058555958,0.058555958,0.080102740,0.064200796,0.054943938,0.065867340,0.096364774,0.098467600,0.027827430,,0.023236600,0.027180730,,,0.070601000
KZNICNPSHKQLFF-UHFFFAOYSA-N,3.4,0.087072,0.154269550,0.063793918,0.063793918,0.084936280,0.076390030,0.076390160,0.071806330,0.101678304,0.103029110,0.028823870,0.032352170,0.032351290,0.026465180,0.033358660,0.032195070,0.096425000
KZXAMWRVRHIWBN-UHFFFAOYSA-N,,0.073174,0.112115294,0.140289043,0.140289043,0.063892160,0.035129976,0.035085957,0.052416540,0.086215355,0.089922100,0.024183640,0.017182750,0.017371650,0.021037040,0.028274030,0.034760930,0.075973000
LBKPGNUOUPTQKA-UHFFFAOYSA-N,2.8,0.083191,0.152969080,0.068343226,0.068343226,0.096460655,0.055436750,0.064494050,0.070756530,0.098329835,0.108333380,0.041046880,0.026893270,0.025704710,0.036111230,0.042708470,0.046239810,0.088013000
LBUJPTNKIBCYBY-UHFFFAOYSA-N,2.8,0.066308,0.113230600,0.055794509,0.055794509,0.058936782,0.038692106,0.038772542,0.031515730,0.067785814,0.078201070,0.025370620,0.020369670,0.020373740,0.020235810,0.028205640,0.031732240,0.068819000
LFQSCWFLJHTTHZ-UHFFFAOYSA-N,2.7,0.083302,0.145601900,0.082019560,0.082019560,0.055131644,0.052769646,0.052770093,0.055638550,0.081114590,0.084738195,0.020025110,0.024713750,0.024716040,0.020328910,0.024139160,0.023786290,0.086476000
LHNPDXSWOZFOAO-UHFFFAOYSA-N,,0.114221,0.196509360,0.086044816,0.086044816,0.132909950,0.135499860,0.134147080,0.117501970,0.139011110,0.151104780,0.043872830,0.064531180,0.064211890,0.048921610,0.042183530,0.045465180,0.127387000
LJXQPZWIHJMPQQ-UHFFFAOYSA-N,2.5,0.074073,0.128098220,0.062619544,0.062619544,0.099663530,0.068185540,0.068280250,0.079413116,0.112404600,0.117828235,0.034689860,0.027676070,0.027801870,0.035031530,0.039717180,0.040467350,0.077558000
LJZPPWWHKPGCHS-UHFFFAOYSA-N,2.1,0.064771,0.107551260,0.054309833,0.054309833,0.097931616,0.081594310,0.085443420,0.083933790,0.098318770,0.092791155,0.037034720,,0.034002830,0.038656440,,,0.070261000
LKKHEZBRRGJBGH-UHFFFAOYSA-N,3,0.078347,0.174734650,0.072881565,0.072881565,0.153032900,0.160435830,0.160655510,0.194673570,0.159999620,0.170140150,0.049228580,0.060586520,0.061572860,0.056624140,0.043680190,0.045284730,0.086185000
LMYRWZFENFIFIT-UHFFFAOYSA-N,3.2,0.079821,0.158037930,0.060252339,,0.174130200,0.145040210,0.076570810,0.144919290,0.137713730,0.140285270,0.031656450,,0.027979850,0.030691070,,,0.085691000
LNDJVIYUJOJFSO-UHFFFAOYSA-N,2.8,0.088473,0.139704120,0.073589841,0.073589841,0.131193940,0.104314180,0.104311940,0.115468620,0.122957070,0.126242030,0.052182270,0.043833100,0.043827080,0.053260420,0.049071700,0.049950510,0.096230000
LOCWBQIWHWIRGN-UHFFFAOYSA-N,3.2,0.103738,0.170032620,0.084975030,0.084975030,0.134577940,0.095924504,0.099300730,0.115007550,0.152127470,0.156432260,0.053094590,,0.046013490,0.045433550,,,0.106230000
LORVDQSPQDOFQN-UHFFFAOYSA-N,3.8,0.095062,0.146229480,0.075005991,0.075005991,0.084393740,0.077164635,0.058161690,0.076858850,0.128098820,0.120809350,0.040221170,,0.032750550,0.037041000,,,0.097025000
LRHPLDYGYMQRHN-UHFFFAOYSA-N,2.7,0.0831,0.145922750,0.079367825,0.079367825,0.055206567,0.053169906,0.053170577,0.055958673,0.079496324,0.084486960,0.019502550,0.024389450,0.024391520,0.019829200,0.023705370,0.023707560,0.086157000
LTLVZQZDXQWLHU-UHFFFAOYSA-N,2.1,0.061516,,0.051383977,0.051383977,0.097234170,0.073886536,0.074059450,0.084695700,0.082500756,0.080337470,0.037590480,,0.030135880,0.037926950,,,0.067809000
MARUHZGHZWCEQU-UHFFFAOYSA-N,5,0.113312,0.189113020,0.093343850,0.093343850,0.140479390,0.125718830,0.125720000,0.118009955,0.154300990,0.168904510,0.050439860,0.046899880,0.046902780,0.049121780,0.053823850,0.057155500,0.121854000
MBLHLTGHXCTWAO-UHFFFAOYSA-N,2.7,0.086533,0.165989030,0.073747235,0.073747235,0.100317630,0.066630310,0.070745660,0.067894410,0.115380704,0.126110400,0.042359530,0.032706130,0.033153510,0.031727220,0.046555380,0.049185100,
MCROFHCOHPROAE-UHFFFAOYSA-N,3.7,0.089335,0.158679440,0.072436961,0.072436961,0.104360300,0.088493020,0.088385950,0.159249800,0.119070545,0.125822480,0.038815660,0.043788010,0.043766650,0.049769680,0.041312920,0.042114290,0.095955000
MESJRHHDBDCQTH-UHFFFAOYSA-N,3.5,0.096009,0.156631510,0.090084122,0.090084122,0.074647970,0.062856205,0.062825750,0.072374895,0.105901375,0.108753790,0.029967070,0.030069170,0.030073630,0.028601130,0.036753100,0.035730830,0.098931000
MFXVLTAAMOAZMS-UHFFFAOYSA-N,,0.05864,,0.047654202,0.047654202,0.126944700,0.076098956,0.064569590,0.135805760,0.085998370,0.071871944,0.034113820,,0.027414720,0.037504350,,,0.066332000
MIHJCLQINRFOLX-UHFFFAOYSA-N,4.2,0.115366,0.204618380,0.096291995,0.096291995,0.156152130,0.119771175,0.121629240,0.138351720,0.171885460,0.178857100,0.068022610,0.057628760,0.056513200,0.060079780,0.067805540,0.069169520,0.120111000
MIIWISWSCMVZHG-UHFFFAOYSA-N,4.2,0.112569,,0.084308614,0.084308614,0.119284980,0.100347250,0.109390005,0.105914235,0.159940620,0.154016780,0.041185840,,0.034860660,0.031253610,,,0.117363000
MKGAYPNWSNNENI-UHFFFAOYSA-N,,0.079612,0.123089360,0.058509951,0.058509951,0.063998880,0.051982127,0.052863743,0.050300974,0.079332770,0.086848825,0.024028940,0.022124840,0.021719470,0.020706880,0.027633740,0.027120650,0.085474000
MNOJRWOWILAHAV-UHFFFAOYSA-N,4.2,0.110653,,0.099467979,0.099467979,0.088950396,0.077723585,0.078558914,0.084690050,0.133194300,0.132926780,0.037293590,,0.035876830,0.033715310,,,0.112180000
MOZAVBNQQPUPNA-UHFFFAOYSA-N,3.8,0.092978,0.170830820,0.075895017,0.075895017,0.086445020,0.073899720,0.061480930,0.084693715,0.131313980,0.125208200,0.035330880,,0.031183570,0.036384460,,,0.094360000
MSXVEPNJUHWQHW-UHFFFAOYSA-N,2.6,0.077846,0.139880690,0.081763940,0.081763940,0.044774804,0.044232693,0.044201400,0.048485618,0.072347310,0.076362744,0.019691730,0.023857640,0.023859450,0.019642700,0.022745670,0.022025700,0.079785000
MWCGLTCRJJFXKR-UHFFFAOYSA-N,3.4,0.096563,0.170679090,0.083966281,0.083966281,0.094842000,0.068162024,0.056614287,0.083492845,0.139962120,0.140529400,0.042789640,,0.030669120,0.040124650,,,0.097515000
NAKQCFRTJSBUPT-UHFFFAOYSA-N,4.9,0.115405,0.188172830,0.084759562,0.084759562,0.104448900,0.073076950,0.064897746,0.082129380,0.142243530,0.135345270,0.047045570,,0.035340920,0.047676370,,,0.122006000
NBUKAOOFKZFCGD-UHFFFAOYSA-N,3.5,0.10384,0.172813130,0.093517253,0.093517253,0.123820690,0.147165860,0.146429870,0.107392760,0.141961370,0.157890700,0.036024500,0.054849640,0.054934900,0.048507400,0.036503400,0.040712250,0.097113000
NBXDXMFYTJNWCS-UHFFFAOYSA-N,4.3,0.114547,0.197097640,0.088445113,0.088445113,0.129387200,0.112129435,0.124252820,0.086514570,0.149003280,0.156179980,0.040897800,,0.041439090,0.033697100,,,0.117853000
NDKGUMMLYBINOC-UWTATZPHSA-N,,0.066401,0.143022300,0.074558763,0.074558763,0.102524266,0.111101344,0.127813470,0.059281953,0.130539240,0.132989110,0.026578090,,0.042345540,0.025885700,,,0.063027000
NHEUXRXASLPKGO-UHFFFAOYSA-N,3.6,0.088857,0.145844710,0.075076074,0.075076074,0.104335550,0.087420470,0.085981270,0.133422870,0.117906020,0.125218940,0.039638360,0.039542760,0.039074010,0.042036600,0.041401810,0.042072440,0.095232000
NHQDETIJWKXCTC-UHFFFAOYSA-N,2.9,0.072497,0.111261755,0.075108814,0.075108814,0.082622100,0.071035920,0.075497300,0.065306306,0.096402840,0.093908650,0.028680150,,0.030669650,0.026087000,,,0.079004000
NKTOLZVEWDHZMU-UHFFFAOYSA-N,3.6,0.092638,0.162621530,0.089528003,0.089528003,0.074795470,0.067956120,0.067956810,0.071349120,0.105520120,0.108680650,0.028424190,0.029481620,0.029483780,0.028583770,0.035405580,0.035514770,0.094348000
NLHAIPFBNQZTMY-UHFFFAOYSA-N,3.9,0.09719,0.170617700,0.075256656,0.075256656,0.088641390,0.078429380,0.064880595,0.088972530,0.130344930,0.124247450,0.036295630,,0.033720070,0.042511590,,,0.100044000
NRKYWOKHZRQRJR-UHFFFAOYSA-N,3.4,0.098886,0.183602660,0.079182806,0.079182806,0.129712950,0.110576570,0.113508460,0.115915015,0.144488190,0.152063070,0.045732110,0.050515640,0.045667290,0.047396340,0.049205590,0.050673880,0.107295000
NTDQQZYCCIDJRK-UHFFFAOYSA-N,3.6,0.100218,0.171679060,0.093623746,0.093623746,0.080233890,0.070018190,0.070056040,0.074188486,0.111275500,0.115254660,0.030872300,0.034441510,0.034450120,0.028605320,0.038385290,0.037019930,0.102574000
NUKYPUAOHBNCPY-UHFFFAOYSA-N,3,0.086925,0.145665200,0.074089822,0.074089822,0.091010660,0.076127700,0.076127630,0.054059650,0.105407300,0.114713550,0.035459220,0.032001050,0.032001470,0.030117490,0.040424940,0.042553640,0.090945000
NWVVVBRKAWDGAB-UHFFFAOYSA-N,3.7,0.099412,0.175366460,0.091927329,0.091927329,0.081050724,0.067810110,0.067826375,0.073653400,0.112814360,0.116080314,0.035324190,0.033143770,0.033146810,0.031719560,0.037082300,0.036227310,0.101613000
NXXYKOUNUYWIHA-UHFFFAOYSA-N,3,0.094174,0.160288000,0.090401789,0.090401789,0.074865590,0.069020845,0.069022270,0.072037620,0.102022156,0.106105340,0.029323450,0.029990690,0.029993830,0.029145800,0.035619680,0.035631400,0.095199000
OCGWWLDZAFOHGD-UHFFFAOYSA-N,3.3,0.09847,0.158745110,0.090322566,0.090322566,0.089488430,0.092912460,0.092912845,0.085290790,0.117841540,0.123560520,0.036552220,0.045150820,0.045151280,0.034953290,0.038885660,0.039010370,0.102881000
OCVLSHAVSIYKLI-UHFFFAOYSA-N,4.3,0.100882,0.175976100,0.078189793,0.078189793,0.097108720,0.078115450,0.069503530,0.102327460,0.142288500,0.134169860,0.039397290,,0.034787450,0.042011220,,,0.103076000
ODAJDDMWMREWGL-UHFFFAOYSA-N,4.1,0.110978,0.185507540,0.095200951,0.095200951,0.110583900,0.115363780,0.115315890,0.104267225,0.147262960,0.151075270,0.038325720,0.042618840,0.042621020,0.036300120,0.047465100,0.047499420,0.119317000
ODFFPRGJZRXNHZ-UHFFFAOYSA-N,3.3,0.095028,0.162225710,0.077145771,0.077145771,0.116644240,0.096951310,0.096999700,0.104917550,0.126654060,0.133689690,0.045377910,0.041243390,0.041245580,0.043421570,0.048855730,0.051232920,0.101804000
ODSXJQYJADZFJX-UHFFFAOYSA-N,4.7,0.122223,0.209504600,0.105279717,0.105279717,0.131113020,0.121636090,0.121656680,0.118140280,0.166338040,0.172449510,0.048756090,0.053812810,0.053814440,0.046384230,0.055975100,0.056182950,0.127133000
OGRAOKJKVGDSFR-UHFFFAOYSA-N,3.5,0.098292,0.165444940,0.090074860,0.090074860,0.075194610,0.068727836,0.068743750,0.071009410,0.102780210,0.106881950,0.029146580,0.031845550,0.031848170,0.027389100,0.033436400,0.033474260,0.100231000
OHLUUHNLEMFGTQ-UHFFFAOYSA-N,2.9,0.083279,0.159213780,0.074763996,0.074763996,0.087296440,0.066529480,0.066510060,0.064648180,0.104685100,0.109779890,0.037293650,0.033554460,0.033550920,0.029641590,0.041750140,0.042540370,0.089035000
OKKJLVBELUTLKV-UHFFFAOYSA-N,2.9,0.084171,0.144440230,0.080021501,0.080021501,0.055333182,0.055833682,0.055836870,0.055794463,0.081484646,0.084928540,0.021378330,0.027042740,0.027044650,0.020885600,0.025214270,0.024844620,0.086967000
OLBCVFGFOZPWHH-UHFFFAOYSA-N,2.8,0.089798,0.158819880,0.091718511,0.091718511,0.069882710,0.056139990,0.056376400,0.070822830,0.107608320,0.109493810,0.023752950,0.025613760,0.025787500,0.024065550,0.031780640,0.032818460,0.092514000
OSASVXMJTNOKOY-UHFFFAOYSA-N,3,0.087017,0.145357680,0.086272465,0.086272465,0.063816030,0.073271220,0.074021090,0.052629050,0.100975750,0.103220000,0.019776140,,0.028733390,0.017560210,,,0.087063000
OWIKHYCFFJSOEH-UHFFFAOYSA-N,,0.101268,0.156576500,0.066502871,0.066502871,0.117331580,0.082973400,0.082919420,0.074501850,0.138868990,0.146887840,0.045024110,0.038193380,0.038195340,0.037936980,0.050974530,0.051563080,0.108912000
OYRRZWATULMEPF-UHFFFAOYSA-N,2.9,0.09231,0.157254010,0.077300266,0.077300266,0.102268770,0.064729210,0.064428054,0.073424500,0.120787576,0.131393820,0.039843870,0.030767480,0.030572170,0.033890640,0.045618670,0.047748570,0.096648000
PAYRUJLWNCNPSJ-UHFFFAOYSA-N,2.4,0.075557,0.130918060,0.066204816,0.066204816,0.081352650,0.039130930,0.039126746,0.041015297,0.090709310,0.098379790,0.030993840,0.021086330,0.021075420,0.024155780,0.034205490,0.036070780,0.079129000
PBGKNXWGYQPUJK-UHFFFAOYSA-N,3.2,0.099396,0.172701150,0.082478253,0.082478253,0.132858040,0.086606145,0.091876246,0.124257475,0.149992260,0.157245250,0.052683810,,0.043755450,0.036085560,,,0.101694000
PEEHTFAAVSWFBL-UHFFFAOYSA-N,3.4,0.091767,0.163114560,0.069567521,0.069567521,0.101911500,0.083747745,0.083685700,0.081518260,0.109514200,0.110812210,0.033082560,0.030544170,0.030540610,0.030274100,0.035071570,0.033818450,0.100519000
PERWAYOEWJEJNO-UHFFFAOYSA-N,3.9,0.087044,0.150503320,0.063380165,0.063380165,0.094657940,0.084570740,0.076239600,0.088694420,0.110903814,0.115343040,0.034690570,,0.032070420,0.038991700,,,0.089888000
PGJYYCIOYBZTPU-UHFFFAOYSA-N,3.3,0.096637,0.170470220,0.088389669,0.088389669,0.092795140,0.113856730,0.113945320,0.090222890,0.116542400,0.122050850,0.034160720,0.043071020,0.043077230,0.036610870,0.036857040,0.036606430,0.102247000
PPWNCLVNXGCGAF-UHFFFAOYSA-N,1.9,0.049598,0.071701035,0.044249921,0.044249921,0.076008710,0.059503876,0.059507377,0.068712674,0.051033630,0.049280270,0.030589970,0.025769570,0.025770840,0.033236430,0.021230960,0.020539840,0.057652000
PRDFNJUWGIQQBW-UHFFFAOYSA-N,2.5,0.0782,0.134133550,0.061015132,0.061015132,0.139204110,0.122572154,0.122593254,0.121044570,0.129240240,0.130727160,0.053522610,0.050463820,0.050464890,0.054827000,0.049139240,0.049494550,0.088895000
PSOSICZGLLPDFA-UHFFFAOYSA-N,,0.095858,0.166664450,0.072027816,0.072027816,0.090357340,0.063812590,0.068118190,0.057085115,0.097363180,0.106094140,0.032020170,,0.024701260,0.030535850,,,0.103175000
PXSGFTWBZNPNIC-UHFFFAOYSA-N,4.2,0.110752,0.194059670,0.099391987,0.099391987,0.119981244,0.114597425,0.113333050,0.126510380,0.157105550,0.155673860,0.039624560,,0.041754300,0.036959740,,,0.113812000
PYEHNKXDXBNHQQ-UHFFFAOYSA-N,3.9,0.088952,0.137389180,0.068955961,0.068955961,0.098073990,0.067115730,0.077983625,0.070093480,0.101238280,0.110804036,0.037060870,0.028624150,0.032686920,0.030879980,0.036990040,0.039166950,0.096295000
PZPYIRQFCOFLGJ-UHFFFAOYSA-N,2.4,0.076859,0.137432440,0.079700956,0.079700956,0.041476710,0.047617010,0.047644153,0.045126386,0.063084990,0.068099270,0.017812790,0.023597550,0.023601090,0.021974120,0.019574940,0.022793900,0.078819000
QGZKDVFQNNGYKY-UHFFFAOYSA-N,3.1,0.051406,0.094062805,0.043586684,0.043586684,0.034102682,0.021236269,0.021236546,0.001183680,0.052870862,0.061295122,0.016824890,0.017543440,0.017543920,0.026456920,0.021544690,0.022297680,0.055473000
QHPQWRBYOIRBIT-UHFFFAOYSA-N,3.6,0.100688,0.177748170,0.092811951,0.092811951,0.078127995,0.069629790,0.069702566,0.072574290,0.108778320,0.112581010,0.035031610,0.035018390,0.035013360,0.032935790,0.038658770,0.038405640,0.102323000
QHSCXYZVJCEABQ-UHFFFAOYSA-N,4,0.107584,0.189266560,0.098174644,0.098174644,0.102171940,0.112035560,0.120772764,0.067147310,0.143477320,0.153254540,0.026845040,,0.040022380,0.021355700,,,0.104346000
QMKKJBRRKIKWFK-UHFFFAOYSA-N,2.9,0.080672,0.148046280,0.075831725,0.075831725,0.079779150,0.058626223,0.058637500,0.057487927,0.099056390,0.102300560,0.036315870,0.030414790,0.030288610,0.028373130,0.041188630,0.041224940,0.084653000
QPHZWABVAIGWHI-UHFFFAOYSA-N,4.9,0.123523,0.208776700,0.094999357,0.094999357,0.108206436,0.080231550,0.073733180,0.084128840,0.142710420,0.134684940,0.052321840,,0.041971650,0.047230240,,,0.127714000
QSILYWCNPOLKPN-UHFFFAOYSA-N,2,0.061266,0.088756640,0.054659947,0.054659947,0.094080046,0.077718650,0.080520480,0.083032190,0.080150425,0.079092510,0.037159430,,0.033322840,0.039487870,,,0.067299000
QTBSBXVTEAMEQO-UHFFFAOYSA-N,3.6,0.096856,0.171609100,0.091062588,0.091062588,0.072226980,0.065659640,0.065661310,0.066908080,0.103557350,0.107817160,0.022111120,0.025555970,0.025557500,0.021760060,0.028326620,0.028398110,0.104697000
QWBBPBRQALCEIZ-UHFFFAOYSA-N,3.5,0.09226,0.159126900,0.090304858,0.090304858,0.074462830,0.067494390,0.067511280,0.071454900,0.105308520,0.108456746,0.029192170,0.029411620,0.029413980,0.028792970,0.036221040,0.036300700,0.093821000
QWVGKYWNOKOFNN-UHFFFAOYSA-N,3.6,0.095176,0.164494900,0.091708308,0.091708308,0.076847370,0.068307355,0.068340050,0.072797980,0.108390585,0.111915800,0.028100320,0.028795410,0.028797770,0.026233060,0.036455640,0.036623510,0.096059000
RFKMCNOHBTXSMU-UHFFFAOYSA-N,2,0.055649,0.115320995,0.053393863,0.053393863,0.085451720,0.079729770,0.090981120,0.050684687,0.105685950,0.100224786,0.019425100,,0.023404360,0.019867450,,,0.059754000
RHMPLDJJXGPMEX-UHFFFAOYSA-N,3.9,0.106826,0.190039960,0.097784886,0.097784886,0.095849940,0.084032640,0.084012985,0.087965810,0.131152800,0.135008750,0.041501580,0.040339500,0.040341200,0.039454020,0.044788850,0.044626770,0.109744000
RHQDFWAXVIIEBN-UHFFFAOYSA-N,3.7,0.105783,0.180296120,0.093229154,0.093229154,0.107942626,0.112596930,0.112540380,0.100162520,0.132129640,0.139897300,0.039977560,0.052920120,0.052920420,0.041746970,0.041387380,0.042028130,0.111465000
RIKMMFOAQPJVMX-UHFFFAOYSA-N,3.5,0.088688,0.149994820,0.075702300,0.075702300,0.117571960,0.101803970,0.101750955,0.105329730,0.127075970,0.137060880,0.043078880,0.040041390,0.040030480,0.044950060,0.044678830,0.047425610,0.094478000
RISOHYOEPYWKOB-UHFFFAOYSA-N,3.9,0.095651,,0.077462630,0.077462630,0.119578050,0.106717000,0.108396770,0.102995040,0.132782900,0.141436190,0.044632320,,0.041334120,0.041061970,,,0.100330000
RLSSMJSEOOYNOY-UHFFFAOYSA-N,3.6,0.100156,0.172013980,0.093250659,0.093250659,0.078718090,0.068242036,0.068242840,0.074109270,0.112303030,0.115504230,0.033307270,0.033357440,0.033359600,0.031205730,0.037598770,0.037173800,0.103115000
RMVRSNDYEFQCLF-UHFFFAOYSA-N,1.7,0.048311,0.084195200,0.048766215,0.048766215,0.049095690,0.029953321,0.031360660,0.045276810,0.087131515,0.075652026,0.024610570,,0.013090820,0.025075640,,,0.054628000
RPZNJLQPBDKQOG-JLAZNSOCSA-N,,0.101946,0.170819550,0.079450612,0.079450612,0.096779690,0.078854100,0.085480870,0.065840480,0.113851550,0.115504770,0.029496530,,0.027806300,0.022584150,,,0.108413000
RTZZCYNQPHTPPL-UHFFFAOYSA-N,4.6,0.117603,0.202494380,0.105246273,0.105246273,0.116738110,0.102276295,0.102257100,0.129258410,0.149190780,0.153649330,0.048205640,0.048081530,0.048082700,0.044881710,0.051998200,0.051950100,0.120449000
RUFPHBVGCFYCNW-UHFFFAOYSA-N,2.6,0.070552,0.130267440,0.059651564,0.059651564,0.077341594,0.038816616,0.038845737,0.048961790,0.097843210,0.110077600,0.038514460,0.021807680,0.021810480,0.026769510,0.037841730,0.041548180,0.074435000
RVDBZQDTMHPUAJ-UHFFFAOYSA-N,,0.056961,,0.048740959,0.048740959,0.136043160,0.075491200,0.067200790,0.116968654,0.084818944,0.071250770,0.033096250,,0.028076750,0.037039110,,,
RWEQEWKAJFTONV-UHFFFAOYSA-N,4.5,0.113626,0.178214550,0.095986690,0.095986690,0.108991410,0.107957825,0.107957110,0.103206680,0.147094820,0.149406400,0.038094790,0.042150100,0.042152810,0.036160510,0.047009410,0.046693150,0.122989000
SAPQIENQEZURNZ-UHFFFAOYSA-N,3.9,0.095731,0.173618910,0.080118625,0.080118625,0.121860490,0.094812110,0.094943814,0.102160200,0.138874290,0.150178540,0.045164500,0.038990690,0.038985050,0.036012180,0.050141530,0.052924630,0.103221000
SDXAWLJRERMRKF-UHFFFAOYSA-N,3.6,0.085589,0.147783380,0.072447828,0.072447828,0.109578060,0.096871080,0.096856220,0.094396250,0.115478200,0.125453830,0.041254600,0.038403630,0.038406920,0.040271770,0.041792290,0.044545760,0.090906000
SGHBRHKBCLLVCI-UHFFFAOYSA-N,4.5,0.11757,0.200698730,0.104329730,0.104329730,0.098682580,0.084076190,0.084188070,0.092915440,0.137670530,0.142938850,0.043884170,0.041333560,0.041310370,0.043036570,0.049020750,0.049025390,0.120177000
SIKJAQJRHWYJAI-UHFFFAOYSA-N,3.1,0.090487,0.149854270,0.073268698,0.073268698,0.104141810,0.083447635,0.083424850,0.091558860,0.111151930,0.119098870,0.040750920,0.035256110,0.035258740,0.038067220,0.043548520,0.046135340,0.096928000
SJTBRFHBXDZMPS-UHFFFAOYSA-N,4.1,0.108492,0.187951280,0.099185256,0.099185256,0.093454460,0.081694020,0.081711380,0.086189760,0.130858630,0.134540170,0.037988660,0.039217790,0.039219200,0.036538510,0.043820130,0.043472720,0.111775000
SLYRGJDSFOCAAI-UHFFFAOYSA-N,3.6,0.083539,0.141828570,0.060759706,,0.074127614,0.054037523,0.049185738,0.056336395,0.104977460,0.101005820,0.030186120,,0.025435170,0.029221840,,,0.086580000
SMBLCBJIVZBEPF-PEZBUJJGSA-N,,0.08894,0.149025660,0.083222097,0.083222097,0.075880480,0.062245812,0.062177308,0.064568210,0.095785440,0.092384220,0.024524920,0.022553940,0.022570110,0.018647550,0.027341390,0.026386440,
STABAPSYCQFWOK-UHFFFAOYSA-N,2.9,0.0716,0.108646214,0.073542403,0.073542403,0.081743464,0.070447660,0.073377650,0.064585150,0.093448530,0.093365180,0.026044220,,0.031589290,0.025831920,,,0.077321000
SUFGUGHOVHXSII-UHFFFAOYSA-N,2.1,0.055433,0.090610130,0.044598550,0.044598550,0.073416710,0.060324952,0.059417890,0.071498110,0.069728870,0.067884500,0.031195000,,0.028370290,0.035724970,,,0.062810000
SUVIGLJNEAMWEG-UHFFFAOYSA-N,1.4,0.036494,0.064827230,0.036979696,0.036979696,0.024127875,0.013278004,0.011824727,0.022164106,0.068217784,0.058599852,0.010928820,,0.007986063,0.015038520,,,0.042237000
SVHOVVJFOWGYJO-UHFFFAOYSA-N,3.4,0.095807,,0.094186150,0.094186150,0.099316850,0.092504260,0.095071840,0.088473810,0.148686980,0.142616270,0.025636920,,0.029094910,0.020076820,,,0.099651000
SZIFAVKTNFCBPC-UHFFFAOYSA-N,2.9,0.097032,0.168874100,0.088051907,0.088051907,0.072511790,0.070472494,0.073282270,0.067389645,0.103844420,0.109433250,0.025351230,,0.031973790,0.024983750,,,0.099414000
TUAMRELNJMMDMT-UHFFFAOYSA-N,3.6,0.098828,0.166146370,0.091992586,0.091992586,0.076855640,0.068063870,0.068079710,0.071738720,0.108022325,0.111271490,0.030027690,0.032153640,0.032155950,0.027929630,0.035351110,0.035229660,0.101453000
TXFPEBPIARQUIG-UHFFFAOYSA-N,4.3,0.112417,0.189164900,0.102590182,0.102590182,0.097827240,0.084799900,0.084851350,0.088687430,0.135307330,0.136592820,0.037257390,0.038190820,0.038193520,0.033923870,0.045579530,0.044242090,0.114554000
TXZFPFSKKKPJIK-UHFFFAOYSA-N,,0.044401,,0.043732153,0.043732153,0.143933600,0.057856202,0.060312893,0.126412380,0.093848090,0.089164030,0.030927400,,0.021295400,0.026361020,,,
TYMLOMAKGOJONV-UHFFFAOYSA-N,3.1,0.098497,0.161190960,0.081832292,0.081832292,0.125892670,0.085829970,0.085881725,0.112942340,0.141076450,0.144173770,0.049751720,0.042344900,0.042468760,0.044386450,0.053649940,0.053558150,0.100423000
TZAJCDOWOPBMKD-UHFFFAOYSA-N,2.6,0.063673,0.099637640,0.070385751,0.070385751,0.068979260,0.064268300,0.064416780,0.061739534,0.079933584,0.074067550,0.030587390,0.028245350,0.028271240,0.028749130,0.035684400,0.033170610,0.070765000
UEXCJVNBTNXOEH-UHFFFAOYSA-N,1.6,0.055779,0.087425960,0.048556171,0.048556171,0.089058070,0.065093815,0.065094486,0.077626480,0.069176000,0.069540300,0.035000660,0.027542140,0.027543260,0.036195510,0.028252940,0.028209460,0.063208000
UGEJOEBBMPOJMT-UHFFFAOYSA-N,4.3,0.111865,0.200822430,0.099951781,0.099951781,0.105185060,0.093436554,0.093483046,0.095700760,0.140603630,0.145153760,0.044031700,0.045358960,0.045346180,0.041834810,0.049370620,0.049353180,0.115001000
UHGULLIUJBCTEF-UHFFFAOYSA-N,3.1,0.094959,0.166702610,0.077227253,0.077227253,0.096702860,0.084390370,0.071984620,0.073477656,0.119511165,0.137392610,0.038674800,,0.030855040,0.030129610,,,0.097274000
UIZVATMSLGDSAW-UHFFFAOYSA-N,,0.058395,,0.048446454,0.048446454,0.120395824,0.076019526,0.065809384,0.135407250,0.084052786,0.068352700,0.056444520,,0.025608110,0.205611200,,,
UJOBWOGCFQCDNV-UHFFFAOYSA-N,3.3,0.090152,0.149144290,0.072026731,0.072026731,0.100488590,0.080703220,0.080674500,0.066755710,0.105552180,0.113891080,0.040105300,0.034769870,0.034804780,0.025690330,0.042210540,0.044860990,0.095952000
UMURLIQHQSKULR-UHFFFAOYSA-N,4.1,0.091359,0.157940630,0.063849222,,0.100560606,0.086068615,0.078588260,0.085866930,0.129326640,0.129895420,0.035882490,,0.031148860,0.036567810,,,0.093994000
UOCLXMDMGBRAIB-UHFFFAOYSA-N,1.4,0.042433,0.080678396,0.037839359,0.037839359,0.058677696,0.058096007,0.064454250,0.029447282,0.086543270,0.085312340,0.014055980,,0.016215720,0.011392950,,,0.043699000
UQXAGNCUOPPUJH-UHFFFAOYSA-N,,0.099454,0.176378890,0.082682931,0.082682931,0.112518980,0.093064755,0.093702090,0.095515640,0.123473990,0.135586460,0.045788380,0.041594360,0.042101380,0.044123610,0.050384250,0.053589810,
VEDXNNRTYCLCMP-UHFFFAOYSA-N,,0.107682,0.182129820,0.089224087,0.089224087,0.117050470,0.105788870,0.105694980,0.101756215,0.140731070,0.150626530,0.046020060,,0.046184980,0.052159360,,,0.114752000
VLFTYFLZHORIBC-UHFFFAOYSA-N,4.5,0.111794,0.173158380,0.089229235,0.089229235,0.156857520,0.139625970,0.138582050,0.202166170,0.155754420,0.167548340,0.058156870,0.060464450,0.059571420,0.059449900,0.056199430,0.059160440,0.119844000
VLJSLTNSFSOYQR-UHFFFAOYSA-N,3.7,0.099885,0.174458800,0.092881734,0.092881734,0.078564240,0.067662790,0.067730400,0.073750000,0.110810580,0.114220340,0.035970730,0.034589980,0.034592160,0.034245210,0.039884400,0.039513290,0.102529000
VLVCWODDMDGANW-UHFFFAOYSA-N,,0.084445,0.168090970,0.067848408,,0.170115190,0.136910270,0.117655784,0.170651810,0.154029500,0.161554860,0.033295950,,0.035913540,0.043899300,,,
VMIQGOWIVBBNEA-UHFFFAOYSA-N,,0.044575,,,,,,,,,,,,,,,,0.044981000
VPOMSPZBQMDLTM-UHFFFAOYSA-N,4.5,0.118869,0.199799420,0.105169793,0.105169793,0.102898860,0.090101860,0.097149510,0.084564920,0.147181390,0.151146550,0.036771220,,0.040504380,0.031972850,,,0.118985000
WDFQBORIUYODSI-UHFFFAOYSA-N,2.6,0.084383,,0.072676301,0.072676301,0.092897960,0.051223470,0.051864800,0.052424960,0.101237170,0.115704640,0.035454450,,0.026885130,0.028529630,,,0.087592000
WDNBURPWRNALGP-UHFFFAOYSA-N,4.4,0.116814,0.198362190,0.103277766,0.103277766,0.101218680,0.089903020,0.095772505,0.082435470,0.141559420,0.145763440,0.036537840,,0.040227080,0.031710620,,,0.117208000
WFJSIIHYYLHRHB-UHFFFAOYSA-N,2.5,0.078139,0.126860410,0.080110157,0.080110157,0.044421703,0.050799870,0.050724663,0.046358400,0.068893460,0.069930980,0.022033260,0.025329180,0.025316080,0.020775140,0.024892490,0.024508980,0.079945000
WGJCBBASTRWVJL-UHFFFAOYSA-N,3.8,0.088321,0.159391600,0.067276731,0.067276731,0.081510740,0.054912418,0.048971135,0.076201690,0.128600250,0.120898920,0.032924940,,0.026991400,0.039466770,,,0.089669000
WJQOZHYUIDYNHM-UHFFFAOYSA-N,3.5,0.102328,0.177759350,0.090929598,0.090929598,0.079443390,0.069901526,0.069963895,0.074572265,0.111031010,0.114356490,0.031641130,0.032440080,0.032438270,0.029115220,0.037938910,0.037634510,0.105248000
WJQWYAJTPPYORB-UHFFFAOYSA-N,3.1,0.089679,0.140371470,0.067937311,0.067937311,0.097344235,0.077441774,0.077391640,0.113221350,0.120398970,0.127965600,0.040195600,0.037099180,0.037089430,0.036541240,0.048065190,0.050260530,0.090912000
WMXCDAVJEZZYLT-UHFFFAOYSA-N,1.5,0.035725,0.053410877,0.036997358,0.036997358,0.023824457,0.016251307,0.015016017,0.020993180,0.059865933,0.048992910,0.013455290,,0.007000793,0.013318490,,,0.041167000
WMYNMYVRWWCRPS-UHFFFAOYSA-N,1.9,0.045687,0.097163650,0.034194897,0.034194897,0.086112010,0.065127835,0.065130570,0.073307150,0.078380460,0.068345610,0.033611590,0.027585120,0.027593030,0.033725040,0.024174430,0.022424040,0.055483000
WPYMKLBDIGXBTP-UHFFFAOYSA-N,3.8,0.107082,0.210119860,0.106651878,0.106651878,0.101764730,0.083442670,0.083449066,0.099973200,0.126838620,0.132441330,0.043807160,0.033725320,0.033696920,0.043160750,0.037753350,0.040645960,0.113227000
WQAQPCDUOCURKW-UHFFFAOYSA-N,1.3,0.036309,0.063866150,0.036681721,0.036681721,0.020376727,0.013718387,0.012687339,0.020020694,0.068394550,0.058753174,0.012652650,,0.007166263,0.016500600,,,0.041770000
WSLDOOZREJYCGB-UHFFFAOYSA-N,1.7,0.044444,0.089465740,0.045050403,0.045050403,0.053385492,0.053439356,0.065484340,0.030882899,0.077805420,0.074100540,0.012569330,,0.016055170,0.011231690,,,0.045545000
WTKZEGDFNFYCGP-UHFFFAOYSA-N,3.6,0.091977,0.155719700,0.079690305,0.079690305,0.118892220,0.099476860,0.099477580,0.107358990,0.133208590,0.142360730,0.042993570,0.038405820,0.038408020,0.046116860,0.047086120,0.049383900,
WVDDGKGOMKODPV-UHFFFAOYSA-N,3,0.089491,0.157383020,0.083973206,0.083973206,0.067444670,0.056884363,0.056923807,0.066630036,0.073234830,0.098158810,0.024722370,0.026996860,0.026809890,0.024783540,0.024955530,0.029288090,0.094676000
WVGCPEDBFHEHEZ-UHFFFAOYSA-N,3.9,0.10176,,0.083592744,0.083592744,0.130266700,0.111303680,0.113006234,0.118566300,0.151756350,0.159157430,0.047346740,,0.042418280,0.043462580,,,0.107607000
WXNZTHHGJRFXKQ-UHFFFAOYSA-N,4.1,0.110728,0.189912740,0.099672971,0.099672971,0.093134120,0.081809450,0.085472000,0.080970556,0.132833750,0.137167780,0.035121110,,0.037568110,0.031154600,,,0.112293000
XBNGYFFABRKICK-UHFFFAOYSA-N,4.5,0.11302,0.195909600,0.097582618,0.097582618,0.109132220,0.118561030,0.118561800,0.102499600,0.145802260,0.149201620,0.037036330,0.042026770,0.042028530,0.035695140,0.045270390,0.045570490,0.121613000
XEJIHKUDPINBCS-UHFFFAOYSA-N,4.3,0.100767,0.178283660,0.072051448,,0.106033090,0.094368310,0.086853000,0.099144615,0.132018210,0.131925390,0.040037610,,0.038249850,0.042788260,,,0.103861000
XFHVEEHRWSWVGA-UHFFFAOYSA-N,4,0.093613,0.160563200,0.071530018,0.071530018,0.105436526,0.086894280,0.086915970,0.082515710,0.112253970,0.116074950,0.041294980,0.038759610,0.038905000,0.034342130,0.040313580,0.039950690,0.100372000
XIFJZJPMHNUGRA-UHFFFAOYSA-N,2.9,0.093983,0.152375550,0.079862932,0.079862932,0.111803110,0.072323345,0.075238850,0.111196890,0.131758960,0.136534360,0.047433150,0.037217180,0.037716070,0.037348420,0.052657380,0.053300910,0.096990000
XJCVRTZCHMZPBD-UHFFFAOYSA-N,3,0.087592,0.152835610,0.076931154,0.076931154,0.104712844,0.075581856,0.075637840,0.123149040,0.120446965,0.131539610,0.044897510,0.039516460,0.039632820,0.038092990,0.048877380,0.050637160,0.091448000
XKVUYEYANWFIJX-UHFFFAOYSA-N,3.6,0.087857,0.152780120,0.074646433,0.074646433,0.111942700,0.096424766,0.096425790,0.096793960,0.121685860,0.130967230,0.042010050,0.038147910,0.038150430,0.041217870,0.044867250,0.047256550,0.093847000
XLYOFNOQVPJJNP-UHFFFAOYSA-N,2.8,0.084835,0.158806120,0.082169594,0.082169594,0.070274340,0.057162896,0.057301610,0.062774510,0.108310310,0.116582274,0.026282020,0.030283880,0.030284990,0.022697440,0.032906870,0.033306630,0.090600000
XONGRFUEHPBOBB-PVQJCKRUSA-N,,0.06435,,0.064743085,0.064743085,0.088872760,0.098969410,0.094208630,0.080569970,0.126851080,0.120303960,,,,,,,0.069535000
XOUQAVYLRNOXDO-UHFFFAOYSA-N,3.6,0.100858,0.172843780,0.090774937,0.090774937,0.077457520,0.069100930,0.069071150,0.073034010,0.106863960,0.109909900,0.031853300,0.033061560,0.033065140,0.029591610,0.037384330,0.037072420,0.103739000
XRGPFNGLRSIPSA-UHFFFAOYSA-N,2.3,0.071332,0.116587280,0.062974650,0.062974650,0.110521060,0.087980020,0.087953680,0.096362196,0.101380930,0.097693470,0.042712930,0.036515010,0.036516730,0.043157790,0.039516300,0.037702700,0.078784000
XRXMNWGCKISMOH-UHFFFAOYSA-N,4,0.09945,,0.088828455,0.088828455,0.076979370,0.069079670,0.068482200,0.066657975,0.104029820,0.109314650,0.028075240,,0.025764030,0.025007880,,,0.107643000
XSQWEWUZBUNKAO-UHFFFAOYSA-N,3.2,0.082818,0.138170960,0.070634347,,0.073045805,0.055965867,0.053526740,0.057283003,0.101032490,0.098892570,0.028940380,,0.025909760,0.026207410,,,0.086947000
XZNOAVNRSFURIR-UHFFFAOYSA-N,4.9,0.115069,0.215207790,0.099757228,0.099757228,0.123579174,0.137548100,0.137574990,0.116368410,0.156680200,0.166845470,0.038740910,0.054468680,0.054469510,0.042958850,0.042589710,0.044196060,0.126904000
YCOXTKKNXUZSKD-UHFFFAOYSA-N,3.6,0.098374,0.169683960,0.091161652,0.091161652,0.077497890,0.069305174,0.069328770,0.071366530,0.107214525,0.111224590,0.029221180,0.031848590,0.031850870,0.027020060,0.034341000,0.034327090,0.100712000
YEDUAINPPJYDJZ-UHFFFAOYSA-N,4.3,0.09742,0.167510750,0.076518393,,0.085497740,0.065625530,0.062760696,0.067608280,0.115642670,0.113893434,0.036589230,,0.030436690,0.035196660,,,0.102887000
YFDSDPIBEUFTMI-UHFFFAOYSA-N,3.3,0.091828,,0.085428756,0.085428756,0.065679245,0.074689050,0.074388420,0.059844090,0.119783100,0.106004360,0.018724980,,0.027119530,0.012682010,,,0.091814000
YHMYGUUIMTVXNW-UHFFFAOYSA-N,4,0.095799,0.155765280,0.070450256,0.070450256,0.107466170,0.091496140,0.083967686,0.094840170,0.130386230,0.133444460,0.039180440,,0.034128420,0.038942730,,,0.100938000
YKUCHDXIBAQWSF-UHFFFAOYSA-N,4.2,0.106569,0.186097260,0.098806714,0.098806714,0.097062450,0.083199280,0.083204820,0.090577030,0.128831360,0.131829950,0.036859120,0.036855130,0.036858000,0.034942650,0.044570100,0.044635540,0.110026000
YMWUJEATGCHHMB-UHFFFAOYSA-N,1.9,0.05685,0.123205150,0.068838263,0.068838263,0.077201930,0.079221204,0.098562600,0.036211357,0.108471155,0.101161370,0.018059860,,0.023586590,0.016330890,,,0.056986000
YNJBWRMUSHSURL-UHFFFAOYSA-N,5.2,0.124802,0.212991650,0.103709445,0.103709445,0.103242435,0.098308146,0.103125120,0.083031960,0.145448400,0.147686260,0.028993600,,0.036191740,0.025043790,,,0.127447000
YORCIIVHUBAYBQ-UHFFFAOYSA-N,2.1,0.065488,,0.053600849,0.053600849,0.095809640,0.081347734,0.081389850,0.089512280,0.098418444,0.086820565,0.037221010,,0.032673590,0.040266780,,,0.070960000
YQUQWHNMBPIWGK-UHFFFAOYSA-N,3.6,0.100393,0.178890400,0.093631373,0.093631373,0.079682210,0.069801100,0.069803520,0.073908165,0.109766820,0.114777140,0.035046780,0.034893200,0.034896810,0.033067550,0.038571540,0.038437940,0.102256000
YSJKYAHYBFJVKV-UHFFFAOYSA-N,3.9,0.097296,0.170775230,0.073496664,0.073496664,0.122056924,0.101324700,0.101372190,0.181632340,0.120068880,0.133210450,0.037900230,0.034975120,0.035200660,0.033807110,0.034012490,0.036617530,0.107050000
YUKQRDCYNOVPGJ-UHFFFAOYSA-N,3.7,0.098511,0.173857660,0.079105483,0.079105483,0.100509524,0.075152910,0.064259800,0.118293405,0.140064870,0.140495450,0.040491340,,0.032130190,0.048171630,,,0.100104000
YVXHZKKCZYLQOP-UHFFFAOYSA-N,1.9,0.049615,0.074817100,0.040406621,0.040406621,0.077512730,0.060922600,0.060923193,0.068832130,0.052117374,0.051559612,0.031148850,0.026402770,0.026404030,0.033751290,0.021766390,0.021496730,0.057222000
YXIWHUQXZSMYRE-UHFFFAOYSA-N,4.5,0.099494,0.173858230,0.076586193,0.076586193,0.090677220,0.077725664,0.062843440,0.084958570,0.133225290,0.126472280,0.038940850,,0.031875110,0.043195370,,,0.102503000
YXVFYQXJAXKLAK-UHFFFAOYSA-N,3.8,0.104059,0.181956650,0.096456608,0.096456608,0.085021496,0.071105790,0.071070306,0.078358000,0.118729590,0.122288100,0.034155590,0.034977330,0.035154170,0.031124530,0.041653190,0.041285090,0.106485000
YZERDTREOUSUHF-UHFFFAOYSA-N,5,0.107963,0.191402520,0.092901496,0.092901496,0.097232416,0.135903760,0.135836080,0.090471300,0.129102830,0.136401430,0.029409820,0.039109470,0.039256260,0.028378790,0.035917680,0.036804230,0.118582000
ZEFMBAFMCSYJOO-UHFFFAOYSA-N,5.3,0.130289,0.227338610,0.115409996,0.115409996,0.144581620,0.132069810,0.132099120,0.150411640,0.182861580,0.183102550,0.055549050,0.058153830,0.058189670,0.051909080,0.063392480,0.061714610,0.133003000
ZLVFYUORUHNMBO-UHFFFAOYSA-N,3.3,0.102916,,0.096980979,0.096980979,0.084961700,0.080319410,0.081143910,0.081221536,0.118867990,0.121365660,0.033637950,,0.034034450,0.031971880,,,0.103908000
ZMEVDFFLOPFGCR-UHFFFAOYSA-N,4.1,0.093926,0.163602040,0.073242105,,0.081808300,0.062683430,0.060050324,0.068693560,0.111881330,0.109620840,0.033997610,,0.031542330,0.034302470,,,0.099186000
ZSIAUFGUXNUGDI-UHFFFAOYSA-N,2.7,0.082592,0.145539730,0.079103125,0.079103125,0.055206105,0.053241430,0.053243145,0.055710673,0.079790294,0.084817110,0.019532610,0.024565110,0.024566180,0.019998170,0.023395690,0.023303370,0.086100000
ZSMRRZONCYIFNB-UHFFFAOYSA-N,2.8,0.077259,0.130247640,0.068426838,0.068426838,0.084824830,0.039435390,0.039474320,0.041057963,0.095389870,0.105086410,0.039321800,0.026094970,0.026088800,0.028772870,0.042774210,0.046045890,0.079380000
ZUTYZAFDFLLILI-QMMMGPOBSA-N,,0.100312,0.179310750,0.092732618,0.092732618,0.079238920,0.070242690,0.070308450,0.073559790,0.109002700,0.113639890,0.032830070,0.034103270,0.034112710,0.034436460,0.039039860,0.039375770,0.103012000
